,PR-AUC,ROC-AUC,Max F1,Max F1 Precision,Max F1 Recall,runtime,status,model,subsample,preprocessor,postprocessor,seed,latent_dim,lr,dataset
0,0.24659486377198245,0.9727623826038091,0.36002149382052656,0.2539802880970432,0.6180811808118081,12.851684808731079,Completed,AE,50000,minmax,none,,0.2,0.02,covertype
1,0.7570230280348763,0.9909436744494826,0.7103935418768921,0.7839643652561247,0.6494464944649446,13.027896642684937,Completed,AE,50000,minmax,none,,0.2,0.02,covertype
2,0.7209275563162897,0.9923245471688006,0.6653061224489796,0.7442922374429224,0.6014760147601476,13.123530387878418,Completed,AE,50000,minmax,none,,0.2,0.02,covertype
3,0.5182657457572174,0.98197576116244,0.604014598540146,0.5974729241877257,0.6107011070110702,13.415237426757812,Completed,AE,50000,minmax,none,,0.2,0.02,covertype
4,0.5680110344297562,0.9831999166164171,0.546142208774584,0.46282051282051284,0.6660516605166051,13.671667575836182,Completed,AE,50000,minmax,none,,0.2,0.02,covertype
5,0.6849727177182028,0.9889397377535585,0.6759167492566898,0.7301927194860813,0.6291512915129152,13.24375033378601,Completed,AE,50000,minmax,none,,0.4,0.02,covertype
6,0.8483357310550819,0.9916405272265753,0.8155893536121674,0.8411764705882353,0.7915129151291513,13.328579902648926,Completed,AE,50000,minmax,none,,0.4,0.02,covertype
7,0.7121167074053352,0.9850913794834903,0.6870540265035678,0.7676537585421412,0.6217712177121771,13.799905061721802,Completed,AE,50000,minmax,none,,0.4,0.02,covertype
8,0.780749980877069,0.9922189374144136,0.7449470644850819,0.778672032193159,0.7140221402214022,13.450162887573242,Completed,AE,50000,minmax,none,,0.4,0.02,covertype
9,0.6211088085536427,0.9770905172960501,0.6209016393442623,0.6981566820276498,0.559040590405904,13.465566158294678,Completed,AE,50000,minmax,none,,0.4,0.02,covertype
10,0.8170564035958305,0.9864685590323088,0.7888138862102217,0.8262626262626263,0.7546125461254612,13.064125537872314,Completed,AE,50000,minmax,none,,0.6000000000000001,0.02,covertype
11,0.7484734891670705,0.9886239530234683,0.738519212746017,0.7504761904761905,0.7269372693726938,12.896085977554321,Completed,AE,50000,minmax,none,,0.6000000000000001,0.02,covertype
12,0.5608339903669974,0.9884375038703681,0.5804794520547943,0.5415335463258786,0.6254612546125461,12.94885802268982,Completed,AE,50000,minmax,none,,0.6000000000000001,0.02,covertype
13,0.4712838135840916,0.9732294754101246,0.4645833333333333,0.5334928229665071,0.4114391143911439,12.568281173706055,Completed,AE,50000,minmax,none,,0.6000000000000001,0.02,covertype
14,0.6534340583370574,0.9897138859778746,0.6262135922330098,0.5576368876080692,0.7140221402214022,12.781721830368042,Completed,AE,50000,minmax,none,,0.6000000000000001,0.02,covertype
15,0.7541301263874415,0.9925725491635602,0.7454718779790276,0.7712031558185405,0.7214022140221402,13.04697060585022,Completed,AE,50000,minmax,none,,0.8,0.02,covertype
16,0.7709603168569434,0.9909643039776268,0.7578772802653401,0.6882530120481928,0.8431734317343174,13.141493558883667,Completed,AE,50000,minmax,none,,0.8,0.02,covertype
17,0.574375447520136,0.982753416033493,0.6055930568948891,0.6343434343434343,0.5793357933579336,13.188947439193726,Completed,AE,50000,minmax,none,,0.8,0.02,covertype
18,0.8735070275870509,0.9955512590428586,0.8199004975124379,0.8898488120950324,0.7601476014760148,12.609431743621826,Completed,AE,50000,minmax,none,,0.8,0.02,covertype
19,0.8011310319376895,0.9941237180781367,0.7316561844863733,0.8470873786407767,0.6439114391143912,12.882089138031006,Completed,AE,50000,minmax,none,,0.8,0.02,covertype
20,0.7263071484639754,0.9915580464187512,0.7059942911512845,0.7288801571709234,0.6845018450184502,12.547062635421753,Completed,AE,50000,minmax,none,,1.0,0.02,covertype
21,0.7620714966787593,0.9945354133269587,0.7712918660287083,0.8011928429423459,0.7435424354243543,12.497944116592407,Completed,AE,50000,minmax,none,,1.0,0.02,covertype
22,0.6022958447503204,0.983966230842704,0.5656154628687691,0.6303854875283447,0.5129151291512916,12.594594240188599,Completed,AE,50000,minmax,none,,1.0,0.02,covertype
23,0.6973910985930697,0.990997691731133,0.6608084358523726,0.6308724832214765,0.6937269372693727,12.419232368469238,Completed,AE,50000,minmax,none,,1.0,0.02,covertype
24,0.6682151342946504,0.9922399399900829,0.6561679790026246,0.6239600665557404,0.6918819188191881,12.453344106674194,Completed,AE,50000,minmax,none,,1.0,0.02,covertype
25,0.720954628653902,0.9923250694353359,0.6681175190424374,0.8143236074270557,0.566420664206642,12.32963490486145,Completed,AE,50000,minmax,none,,1.2,0.02,covertype
26,0.8515782144480727,0.9938150585557779,0.8262108262108262,0.8512720156555773,0.8025830258302583,12.380428314208984,Completed,AE,50000,minmax,none,,1.2,0.02,covertype
27,0.7352075234133963,0.9927296021716738,0.7236971484759095,0.7747368421052632,0.6789667896678967,12.347641468048096,Completed,AE,50000,minmax,none,,1.2,0.02,covertype
28,0.7548341922124284,0.9951241569312455,0.7151515151515151,0.6737357259380098,0.7619926199261993,12.24104619026184,Completed,AE,50000,minmax,none,,1.2,0.02,covertype
29,0.7296671615817631,0.9918136585830252,0.7036328871892925,0.7301587301587301,0.6789667896678967,12.259826898574829,Completed,AE,50000,minmax,none,,1.2,0.02,covertype
30,0.7859901891470906,0.9944656161349917,0.7426900584795323,0.7871900826446281,0.7029520295202952,12.221500635147095,Completed,AE,50000,minmax,none,,1.4000000000000001,0.02,covertype
31,0.8149192181470275,0.995162580826342,0.7773279352226721,0.8609865470852018,0.7084870848708487,12.203795433044434,Completed,AE,50000,minmax,none,,1.4000000000000001,0.02,covertype
32,0.7808377232012785,0.9951386311752236,0.7351054078826763,0.7304189435336976,0.7398523985239852,12.107436418533325,Completed,AE,50000,minmax,none,,1.4000000000000001,0.02,covertype
33,0.8273509644393742,0.995845145883219,0.7855750487329434,0.8326446280991735,0.7435424354243543,12.198327779769897,Completed,AE,50000,minmax,none,,1.4000000000000001,0.02,covertype
34,0.6101952060349176,0.9884235891976777,0.5965217391304348,0.5641447368421053,0.6328413284132841,12.156822204589844,Completed,AE,50000,minmax,none,,1.4000000000000001,0.02,covertype
35,0.6741430079321931,0.9931072008766915,0.6187192118226602,0.6638477801268499,0.5793357933579336,12.116650581359863,Completed,AE,50000,minmax,none,,1.6,0.02,covertype
36,0.7485521679984831,0.991430091117604,0.6976744186046512,0.7035647279549718,0.6918819188191881,12.16594386100769,Completed,AE,50000,minmax,none,,1.6,0.02,covertype
37,0.780403308870439,0.9931706935654823,0.7237512742099899,0.8086560364464692,0.6549815498154982,12.224860668182373,Completed,AE,50000,minmax,none,,1.6,0.02,covertype
38,0.5002107741881758,0.9757952216790152,0.530278232405892,0.4764705882352941,0.5977859778597786,12.158396482467651,Completed,AE,50000,minmax,none,,1.6,0.02,covertype
39,0.8039987833965769,0.9957173024963296,0.758812615955473,0.7630597014925373,0.7546125461254612,12.139593124389648,Completed,AE,50000,minmax,none,,1.6,0.02,covertype
40,0.6441448577978954,0.9895240420922953,0.630259623992838,0.6121739130434782,0.6494464944649446,12.157355070114136,Completed,AE,50000,minmax,none,,1.8,0.02,covertype
41,0.7272810966724353,0.9917487483136387,0.6718146718146718,0.7044534412955465,0.6420664206642066,12.219459056854248,Completed,AE,50000,minmax,none,,1.8,0.02,covertype
42,0.7728267943769642,0.9918274986462104,0.7365439093484419,0.7543520309477756,0.7195571955719557,12.300579309463501,Completed,AE,50000,minmax,none,,1.8,0.02,covertype
43,0.8042330587290981,0.9942120184273538,0.7657992565055762,0.7715355805243446,0.7601476014760148,12.186085224151611,Completed,AE,50000,minmax,none,,1.8,0.02,covertype
44,0.6605289436900567,0.9904529677348213,0.6245674740484429,0.5879478827361564,0.6660516605166051,12.200735569000244,Completed,AE,50000,minmax,none,,1.8,0.02,covertype
45,0.7897314035600307,0.995269123199542,0.7267657992565056,0.7322097378277154,0.7214022140221402,12.265459299087524,Completed,AE,50000,minmax,none,,2.0,0.02,covertype
46,0.6253892339985514,0.987841224706072,0.624015748031496,0.6687763713080169,0.584870848708487,12.221452474594116,Completed,AE,50000,minmax,none,,2.0,0.02,covertype
47,0.6504393936357739,0.9832061838148408,0.6212765957446807,0.7336683417085427,0.5387453874538746,12.285284042358398,Completed,AE,50000,minmax,none,,2.0,0.02,covertype
48,0.6759585172884427,0.9874666476860087,0.6527363184079602,0.7084233261339092,0.6051660516605166,12.233938455581665,Completed,AE,50000,minmax,none,,2.0,0.02,covertype
49,0.8533072629310992,0.9951222543888669,0.7987987987987988,0.8730853391684902,0.7361623616236163,12.26791524887085,Completed,AE,50000,minmax,none,,2.0,0.02,covertype
50,0.4362063380683632,0.9709893988909875,0.5352112676056339,0.5588235294117647,0.5135135135135135,12.95205044746399,Completed,AE,50000,minmax,none,,0.2,0.02,creditcard
51,0.45397564883157593,0.9701284721695137,0.5487364620938628,0.5891472868217055,0.5135135135135135,13.06669545173645,Completed,AE,50000,minmax,none,,0.2,0.02,creditcard
52,0.45230920362753874,0.9721162478775012,0.5474452554744527,0.5952380952380952,0.5067567567567568,12.985534191131592,Completed,AE,50000,minmax,none,,0.2,0.02,creditcard
53,0.44115751957512483,0.9729970984384047,0.5362318840579711,0.578125,0.5,12.933027029037476,Completed,AE,50000,minmax,none,,0.2,0.02,creditcard
54,0.42793223111329776,0.970289489320822,0.5419847328244275,0.6228070175438597,0.4797297297297297,12.973498106002808,Completed,AE,50000,minmax,none,,0.2,0.02,creditcard
55,0.4573524321148928,0.9704590452604575,0.5505226480836237,0.5683453237410072,0.5337837837837838,13.039885997772217,Completed,AE,50000,minmax,none,,0.4,0.02,creditcard
56,0.4296615464289026,0.9696043532098253,0.5229681978798586,0.5481481481481482,0.5,13.009765625,Completed,AE,50000,minmax,none,,0.4,0.02,creditcard
57,0.43345245309630304,0.9712924581084333,0.5434782608695652,0.5859375,0.5067567567567568,13.04810905456543,Completed,AE,50000,minmax,none,,0.4,0.02,creditcard
58,0.4328888922723066,0.9718329769631624,0.5358490566037736,0.6068376068376068,0.4797297297297297,13.022434949874878,Completed,AE,50000,minmax,none,,0.4,0.02,creditcard
59,0.44827420142908947,0.9726666608837835,0.539568345323741,0.5769230769230769,0.5067567567567568,12.944934844970703,Completed,AE,50000,minmax,none,,0.4,0.02,creditcard
60,0.4361977891345653,0.9692480282175782,0.5401459854014599,0.5873015873015873,0.5,13.18005895614624,Completed,AE,50000,minmax,none,,0.6000000000000001,0.02,creditcard
61,0.45374785138382084,0.9719423547755411,0.5448028673835126,0.5801526717557252,0.5135135135135135,13.09219765663147,Completed,AE,50000,minmax,none,,0.6000000000000001,0.02,creditcard
62,0.44161495371227805,0.9677620079760415,0.539568345323741,0.5769230769230769,0.5067567567567568,13.034021139144897,Completed,AE,50000,minmax,none,,0.6000000000000001,0.02,creditcard
63,0.45590899494322407,0.9703675582426686,0.5351170568561874,0.5298013245033113,0.5405405405405406,12.994123697280884,Completed,AE,50000,minmax,none,,0.6000000000000001,0.02,creditcard
64,0.4464086735766286,0.9693377532631726,0.5467625899280576,0.5846153846153846,0.5135135135135135,12.955520153045654,Completed,AE,50000,minmax,none,,0.6000000000000001,0.02,creditcard
65,0.43418238397809117,0.9714027846750706,0.5416666666666666,0.5571428571428572,0.527027027027027,12.951180934906006,Completed,AE,50000,minmax,none,,0.8,0.02,creditcard
66,0.44991725067737054,0.970276342297525,0.5376344086021505,0.5725190839694656,0.5067567567567568,12.946342945098877,Completed,AE,50000,minmax,none,,0.8,0.02,creditcard
67,0.45150633873879714,0.9735092902016997,0.5652173913043478,0.609375,0.527027027027027,12.964545249938965,Completed,AE,50000,minmax,none,,0.8,0.02,creditcard
68,0.4388023165716083,0.9703643053709251,0.5284280936454849,0.5231788079470199,0.5337837837837838,12.989414691925049,Completed,AE,50000,minmax,none,,0.8,0.02,creditcard
69,0.4674547184350157,0.9692028946221355,0.5555555555555555,0.6147540983606558,0.5067567567567568,12.940356492996216,Completed,AE,50000,minmax,none,,0.8,0.02,creditcard
70,0.4319082825010857,0.9715392697519794,0.5328467153284672,0.5793650793650794,0.49324324324324326,13.021890640258789,Completed,AE,50000,minmax,none,,1.0,0.02,creditcard
71,0.47661471273859457,0.9711261550405417,0.5641025641025641,0.616,0.5202702702702703,12.992363214492798,Completed,AE,50000,minmax,none,,1.0,0.02,creditcard
72,0.4501539854780198,0.9715209723484216,0.546712802768166,0.5602836879432624,0.5337837837837838,13.004373788833618,Completed,AE,50000,minmax,none,,1.0,0.02,creditcard
73,0.45791063529591003,0.9702507259325441,0.5474452554744527,0.5952380952380952,0.5067567567567568,12.9683358669281,Completed,AE,50000,minmax,none,,1.0,0.02,creditcard
74,0.4532841682782823,0.9741065987756191,0.5392491467576791,0.5448275862068965,0.5337837837837838,12.947418689727783,Completed,AE,50000,minmax,none,,1.0,0.02,creditcard
75,0.45917119144540297,0.9679490481012988,0.5494505494505495,0.6,0.5067567567567568,13.068260192871094,Completed,AE,50000,minmax,none,,1.2,0.02,creditcard
76,0.4691540700936694,0.9721692425796574,0.5434782608695652,0.5859375,0.5067567567567568,13.147751092910767,Completed,AE,50000,minmax,none,,1.2,0.02,creditcard
77,0.4496193249372533,0.9709793692031116,0.5413533834586467,0.6101694915254238,0.4864864864864865,13.11527681350708,Completed,AE,50000,minmax,none,,1.2,0.02,creditcard
78,0.4651480807026133,0.9718176613587028,0.556390977443609,0.6271186440677966,0.5,13.260560512542725,Completed,AE,50000,minmax,none,,1.2,0.02,creditcard
79,0.4287402229379204,0.9707822993899782,0.5217391304347826,0.5165562913907285,0.527027027027027,12.969918489456177,Completed,AE,50000,minmax,none,,1.2,0.02,creditcard
80,0.4418944283953593,0.9736720693252026,0.5342465753424657,0.5416666666666666,0.527027027027027,13.067779541015625,Completed,AE,50000,minmax,none,,1.4000000000000001,0.02,creditcard
81,0.4618680544340066,0.9700991963238212,0.531986531986532,0.5302013422818792,0.5337837837837838,13.087218999862671,Completed,AE,50000,minmax,none,,1.4000000000000001,0.02,creditcard
82,0.4525080505145374,0.9669723733602816,0.5365853658536586,0.5539568345323741,0.5202702702702703,13.080986022949219,Completed,AE,50000,minmax,none,,1.4000000000000001,0.02,creditcard
83,0.47735188264159195,0.9724484474043168,0.5588235294117647,0.6129032258064516,0.5135135135135135,13.18749713897705,Completed,AE,50000,minmax,none,,1.4000000000000001,0.02,creditcard
84,0.4671029813131004,0.9703348939889098,0.5735294117647058,0.6290322580645161,0.527027027027027,13.136057376861572,Completed,AE,50000,minmax,none,,1.4000000000000001,0.02,creditcard
85,0.4500447813223605,0.9696669709908898,0.5434782608695652,0.5859375,0.5067567567567568,13.027808427810669,Completed,AE,50000,minmax,none,,1.6,0.02,creditcard
86,0.449331152248575,0.9703458724310444,0.5319148936170213,0.5597014925373134,0.5067567567567568,13.048068523406982,Completed,AE,50000,minmax,none,,1.6,0.02,creditcard
87,0.47170193651559966,0.9705146151527441,0.5512367491166077,0.5777777777777777,0.527027027027027,13.056027889251709,Completed,AE,50000,minmax,none,,1.6,0.02,creditcard
88,0.442644865248815,0.9738672416298189,0.5306122448979592,0.6701030927835051,0.4391891891891892,13.089794397354126,Completed,AE,50000,minmax,none,,1.6,0.02,creditcard
89,0.4848535898525625,0.9714606586848423,0.5756457564575646,0.6341463414634146,0.527027027027027,13.015491247177124,Completed,AE,50000,minmax,none,,1.6,0.02,creditcard
90,0.4767891263878538,0.9702623820562921,0.5512367491166077,0.5777777777777777,0.527027027027027,13.156515121459961,Completed,AE,50000,minmax,none,,1.8,0.02,creditcard
91,0.45116408191939905,0.9693101038533518,0.5376344086021505,0.5725190839694656,0.5067567567567568,13.222755432128906,Completed,AE,50000,minmax,none,,1.8,0.02,creditcard
92,0.4171517815223309,0.9686143959091885,0.5065274151436031,0.4127659574468085,0.6554054054054054,13.281120777130127,Completed,AE,50000,minmax,none,,1.8,0.02,creditcard
93,0.4700722266788603,0.9684392829803246,0.5602836879432623,0.5895522388059702,0.5337837837837838,13.232788324356079,Completed,AE,50000,minmax,none,,1.8,0.02,creditcard
94,0.4532899618769585,0.970164795903984,0.5441176470588236,0.5967741935483871,0.5,13.226028680801392,Completed,AE,50000,minmax,none,,1.8,0.02,creditcard
95,0.4965193472192688,0.9697707918140399,0.5617977528089888,0.6302521008403361,0.5067567567567568,13.190490484237671,Completed,AE,50000,minmax,none,,2.0,0.02,creditcard
96,0.4562718448496783,0.9718946459899681,0.5507246376811593,0.59375,0.5135135135135135,13.20098352432251,Completed,AE,50000,minmax,none,,2.0,0.02,creditcard
97,0.47578371731488805,0.9721559600200377,0.562043795620438,0.6111111111111112,0.5202702702702703,13.243839025497437,Completed,AE,50000,minmax,none,,2.0,0.02,creditcard
98,0.470273957599877,0.9736034879459415,0.5571428571428572,0.5909090909090909,0.527027027027027,13.21599531173706,Completed,AE,50000,minmax,none,,2.0,0.02,creditcard
99,0.4680595478963632,0.9696595164931441,0.558303886925795,0.5851851851851851,0.5337837837837838,13.186846256256104,Completed,AE,50000,minmax,none,,2.0,0.02,creditcard
100,0.8199536330368427,0.9569685426738184,0.7584642799287219,0.8794139744552968,0.6667616063799487,11.832703590393066,Completed,AE,50000,minmax,none,,0.2,0.02,shuttle
101,0.9005810451571943,0.9775099344623575,0.858417974761465,0.933712755272849,0.7943605810310452,11.872185468673706,Completed,AE,50000,minmax,none,,0.2,0.02,shuttle
102,0.9071613027963734,0.9771696709964681,0.8788627935723116,0.9604863221884499,0.8100256337225862,11.88374638557434,Completed,AE,50000,minmax,none,,0.2,0.02,shuttle
103,0.8276684651373728,0.9703081888545458,0.7877724148018138,0.8096812988574865,0.7670179436058103,11.861282348632812,Completed,AE,50000,minmax,none,,0.2,0.02,shuttle
104,0.9317920125042825,0.9794457249344383,0.8986229123937886,0.9251885369532429,0.8735403019082882,11.88946533203125,Completed,AE,50000,minmax,none,,0.2,0.02,shuttle
105,0.8793332208034799,0.9763030863020987,0.8265166489280827,0.8864970645792564,0.7741384221019653,11.860100746154785,Completed,AE,50000,minmax,none,,0.4,0.02,shuttle
106,0.8578824835714398,0.9743433849177162,0.7959614225437011,0.84512,0.752207348333808,11.883713245391846,Completed,AE,50000,minmax,none,,0.4,0.02,shuttle
107,0.8480078761712355,0.9696614133594684,0.7966024571515243,0.8520441271901362,0.7479350612361151,11.912466764450073,Completed,AE,50000,minmax,none,,0.4,0.02,shuttle
108,0.9038887065014718,0.9768940488419653,0.8525345622119815,0.9253084361453818,0.7903731130731986,11.852561950683594,Completed,AE,50000,minmax,none,,0.4,0.02,shuttle
109,0.8633450132452977,0.9772171804234719,0.8007579070106398,0.82,0.782398177157505,11.90778374671936,Completed,AE,50000,minmax,none,,0.4,0.02,shuttle
110,0.8825469285685718,0.9757956026488968,0.8379471228615865,0.9229188078108942,0.7673027627456566,11.884442329406738,Completed,AE,50000,minmax,none,,0.6000000000000001,0.02,shuttle
111,0.918779933653317,0.9799575821540395,0.8832062210258711,0.9297858942065491,0.8410709199658217,11.791250944137573,Completed,AE,50000,minmax,none,,0.6000000000000001,0.02,shuttle
112,0.8033357591964332,0.9648896337391808,0.742735648476258,0.7392776523702032,0.7462261463970379,11.943931579589844,Completed,AE,50000,minmax,none,,0.6000000000000001,0.02,shuttle
113,0.9214657879383126,0.9799494723123444,0.9000304785126487,0.9678793838085874,0.8410709199658217,11.949674129486084,Completed,AE,50000,minmax,none,,0.6000000000000001,0.02,shuttle
114,0.8364762746629958,0.9725301730159125,0.7657684335208765,0.7974098057354302,0.7365422956422671,11.980016708374023,Completed,AE,50000,minmax,none,,0.6000000000000001,0.02,shuttle
115,0.8340314990342195,0.9724629075646867,0.7694350199144416,0.7980416156670747,0.7428083167188835,11.969715356826782,Completed,AE,50000,minmax,none,,0.8,0.02,shuttle
116,0.9390122986669636,0.9794914786869299,0.9145235617660176,0.9564676616915423,0.876103674166904,11.873478174209595,Completed,AE,50000,minmax,none,,0.8,0.02,shuttle
117,0.9320659061741831,0.9821703568341591,0.9128556532101892,0.9569019362898189,0.8726858444887496,11.830438375473022,Completed,AE,50000,minmax,none,,0.8,0.02,shuttle
118,0.5655115245341586,0.9505898460308442,0.6148927392739274,0.48197251414713016,0.8490458558815153,12.498687505722046,Completed,AE,50000,minmax,none,,0.8,0.02,shuttle
119,0.8393439323126628,0.972866512767946,0.8013468013468014,0.8243975903614458,0.779549985759043,11.981966972351074,Completed,AE,50000,minmax,none,,0.8,0.02,shuttle
120,0.8929201979422094,0.9786682797712446,0.8377671843764416,0.910427807486631,0.7758473369410425,11.919724941253662,Completed,AE,50000,minmax,none,,1.0,0.02,shuttle
121,0.8890003227154574,0.9765208274292789,0.8394953051643191,0.8656580937972769,0.8148675590999716,11.967742443084717,Completed,AE,50000,minmax,none,,1.0,0.02,shuttle
122,0.9365312110485822,0.9813302634562675,0.9120137792450124,0.9192708333333334,0.90487040729137,11.961654663085938,Completed,AE,50000,minmax,none,,1.0,0.02,shuttle
123,0.8637121638790465,0.9747817224861407,0.8257279443720121,0.8402122641509434,0.8117345485616634,11.839778184890747,Completed,AE,50000,minmax,none,,1.0,0.02,shuttle
124,0.7977747712934358,0.96880564387001,0.7358311916677939,0.7006697578567749,0.7747080603816576,11.930268049240112,Completed,AE,50000,minmax,none,,1.0,0.02,shuttle
125,0.8930028656965838,0.9797035404257428,0.8473247927656368,0.8998079385403329,0.8006266021076617,11.976346492767334,Completed,AE,50000,minmax,none,,1.2,0.02,shuttle
126,0.9147338375895472,0.9797686378376249,0.8820921985815603,0.9164875652440897,0.8501851324409,11.90909743309021,Completed,AE,50000,minmax,none,,1.2,0.02,shuttle
127,0.884060830745132,0.9759224610662932,0.8287833827893174,0.8649736760606999,0.7954998575904301,11.932946920394897,Completed,AE,50000,minmax,none,,1.2,0.02,shuttle
128,0.9189136445211276,0.9789538424173786,0.8820156910078456,0.9377606673083093,0.8325263457704358,11.949872016906738,Completed,AE,50000,minmax,none,,1.2,0.02,shuttle
129,0.9197124083973193,0.9804636100344258,0.9008215962441315,0.9288956127080181,0.8743947593278268,12.001088380813599,Completed,AE,50000,minmax,none,,1.2,0.02,shuttle
130,0.8613448606921004,0.976420785221864,0.8367434539991415,0.8407130534790109,0.832811164910282,11.964188575744629,Completed,AE,50000,minmax,none,,1.4000000000000001,0.02,shuttle
131,0.6355558598129637,0.9544794835562839,0.6163618442667835,0.500711743772242,0.8014810595272003,11.845337390899658,Completed,AE,50000,minmax,none,,1.4000000000000001,0.02,shuttle
132,0.9313869560225135,0.9819583825666744,0.9077178673916326,0.9662379421221865,0.855881515237824,11.9947669506073,Completed,AE,50000,minmax,none,,1.4000000000000001,0.02,shuttle
133,0.8331911793923903,0.972747114405237,0.7982142857142858,0.8357743845434715,0.7638849330675022,12.043148279190063,Completed,AE,50000,minmax,none,,1.4000000000000001,0.02,shuttle
134,0.9277250321640258,0.9814575342384959,0.9008413461538461,0.9532591414944356,0.8538877812589006,11.983934879302979,Completed,AE,50000,minmax,none,,1.4000000000000001,0.02,shuttle
135,0.8983043063173338,0.9763476904314227,0.8675812705040262,0.9104851330203443,0.8285388778125891,12.03494906425476,Completed,AE,50000,minmax,none,,1.6,0.02,shuttle
136,0.9064010828275036,0.977922368021792,0.8745421245421245,0.942124301216705,0.8160068356593563,11.901123285293579,Completed,AE,50000,minmax,none,,1.6,0.02,shuttle
137,0.9049292238389857,0.9774302168427966,0.8741322064594024,0.9296950240770465,0.8248362289945884,11.95654845237732,Completed,AE,50000,minmax,none,,1.6,0.02,shuttle
138,0.803439165692026,0.967636327157412,0.7324586423274387,0.7335047129391602,0.7314155511250356,11.902258396148682,Completed,AE,50000,minmax,none,,1.6,0.02,shuttle
139,0.9145420326187951,0.9815257868661377,0.8894586035288794,0.9451923076923077,0.8399316434064369,11.906534910202026,Completed,AE,50000,minmax,none,,1.6,0.02,shuttle
140,0.8753523100317095,0.9750110410683758,0.8327926865231495,0.8633445429532253,0.8043292509256622,11.984845638275146,Completed,AE,50000,minmax,none,,1.8,0.02,shuttle
141,0.9319183357299262,0.980495474589623,0.9227551172867174,0.9704588309239472,0.8795215038450583,11.865066051483154,Completed,AE,50000,minmax,none,,1.8,0.02,shuttle
142,0.7373897272976707,0.9644802491803217,0.6654786150712831,0.6016110471806674,0.7445172315579607,11.89127516746521,Completed,AE,50000,minmax,none,,1.8,0.02,shuttle
143,0.6124576319542381,0.9477499831523973,0.6029089460051803,0.46361268576681475,0.8618627171745942,11.879112482070923,Completed,AE,50000,minmax,none,,1.8,0.02,shuttle
144,0.9064939629172188,0.9763443227852951,0.8775449985246386,0.9103152739516376,0.8470521219025918,11.936595916748047,Completed,AE,50000,minmax,none,,1.8,0.02,shuttle
145,0.8255623204543027,0.9705920083220722,0.75717653584801,0.7378378378378379,0.7775562517801197,11.986005067825317,Completed,AE,50000,minmax,none,,2.0,0.02,shuttle
146,0.8850990319367932,0.9804630477187458,0.8364882992994486,0.8774233896185115,0.7992025064084306,11.990978240966797,Completed,AE,50000,minmax,none,,2.0,0.02,shuttle
147,0.8081124060637104,0.972426531988146,0.7927548441449032,0.781777900858488,0.804044431785816,11.974181413650513,Completed,AE,50000,minmax,none,,2.0,0.02,shuttle
148,0.8570665016657182,0.9760107321321413,0.783791606367583,0.7967049132097676,0.7712902307035032,11.907492637634277,Completed,AE,50000,minmax,none,,2.0,0.02,shuttle
149,0.6659753294632469,0.95701604585287,0.6040398450470392,0.5873015873015873,0.6217601822842495,12.128121376037598,Completed,AE,50000,minmax,none,,2.0,0.02,shuttle
150,0.6910261490536425,0.9849507778712386,0.6781725888324873,0.7539503386004515,0.6162361623616236,19.109249591827393,Completed,DAE,50000,minmax,none,,0.2,0.02,covertype
151,0.8169726868130797,0.9944474114157617,0.779245283018868,0.7972972972972973,0.7619926199261993,19.064428091049194,Completed,DAE,50000,minmax,none,,0.2,0.02,covertype
152,0.735374397729571,0.9713110412069788,0.7367387033398821,0.7878151260504201,0.6918819188191881,20.11176300048828,Completed,DAE,50000,minmax,none,,0.2,0.02,covertype
153,0.8105022327518946,0.9917663188520761,0.7573604060913706,0.8419864559819413,0.6881918819188192,20.827595949172974,Completed,DAE,50000,minmax,none,,0.2,0.02,covertype
154,0.7622888890273395,0.9898851520966987,0.7263681592039801,0.7883369330453563,0.6734317343173432,21.44041085243225,Completed,DAE,50000,minmax,none,,0.2,0.02,covertype
155,0.841633137318172,0.9937323912241913,0.7861386138613862,0.8482905982905983,0.7324723247232472,21.33638286590576,Completed,DAE,50000,minmax,none,,0.4,0.02,covertype
156,0.8599127664006567,0.9954281533595393,0.8107036669970268,0.8758029978586723,0.7546125461254612,21.452293395996094,Completed,DAE,50000,minmax,none,,0.4,0.02,covertype
157,0.7261247244500204,0.983254903821633,0.7118301314459049,0.7874720357941835,0.6494464944649446,20.961372137069702,Completed,DAE,50000,minmax,none,,0.4,0.02,covertype
158,0.7238496658899396,0.9872190933482792,0.7343453510436432,0.755859375,0.7140221402214022,21.233240127563477,Completed,DAE,50000,minmax,none,,0.4,0.02,covertype
159,0.8545563280792973,0.9967805998574361,0.789103690685413,0.7533557046979866,0.8284132841328413,21.31042742729187,Completed,DAE,50000,minmax,none,,0.4,0.02,covertype
160,0.723592619511877,0.9952526344989279,0.6951871657754012,0.6724137931034483,0.7195571955719557,21.384377241134644,Completed,DAE,50000,minmax,none,,0.6000000000000001,0.02,covertype
161,0.8040280939785414,0.9962221477121965,0.7316209034543845,0.7035775127768313,0.7619926199261993,21.702813148498535,Completed,DAE,50000,minmax,none,,0.6000000000000001,0.02,covertype
162,0.7629755822024066,0.9956868245135199,0.7380073800738008,0.7380073800738007,0.7380073800738007,21.290621042251587,Completed,DAE,50000,minmax,none,,0.6000000000000001,0.02,covertype
163,0.8479959959748042,0.9971029129192178,0.7913669064748201,0.8932714617169374,0.7103321033210332,21.201308012008667,Completed,DAE,50000,minmax,none,,0.6000000000000001,0.02,covertype
164,0.816865100993452,0.9957630754276728,0.7341040462427745,0.7681451612903226,0.7029520295202952,21.384264945983887,Completed,DAE,50000,minmax,none,,0.6000000000000001,0.02,covertype
165,0.7958550457794834,0.9969802175881761,0.7413479052823315,0.7320143884892086,0.7509225092250923,21.35917353630066,Completed,DAE,50000,minmax,none,,0.8,0.02,covertype
166,0.8536819812706331,0.9971062330421921,0.7985480943738656,0.7857142857142857,0.8118081180811808,21.327184915542603,Completed,DAE,50000,minmax,none,,0.8,0.02,covertype
167,0.8754294286271849,0.9965048804315534,0.8217636022514072,0.8358778625954199,0.8081180811808119,20.984355211257935,Completed,DAE,50000,minmax,none,,0.8,0.02,covertype
168,0.9172238043893208,0.998697318041966,0.8741721854304636,0.8970873786407767,0.8523985239852399,21.06454086303711,Completed,DAE,50000,minmax,none,,0.8,0.02,covertype
169,0.8241266299466565,0.9942394001157043,0.7759131293188549,0.8343949044585988,0.7250922509225092,21.46180272102356,Completed,DAE,50000,minmax,none,,0.8,0.02,covertype
170,0.7877238178510815,0.9966681260285853,0.738755980861244,0.7673956262425448,0.7121771217712177,21.13799500465393,Completed,DAE,50000,minmax,none,,1.0,0.02,covertype
171,0.771725670556232,0.9938038671300214,0.707663197729423,0.7262135922330097,0.6900369003690037,21.270346641540527,Completed,DAE,50000,minmax,none,,1.0,0.02,covertype
172,0.8683894046971287,0.997597611242399,0.7952987267384917,0.8475991649269311,0.7490774907749077,21.412673950195312,Completed,DAE,50000,minmax,none,,1.0,0.02,covertype
173,0.8560102018514139,0.9984477492476004,0.8082987551867221,0.7345399698340875,0.8985239852398524,21.27346897125244,Completed,DAE,50000,minmax,none,,1.0,0.02,covertype
174,0.7779577527790718,0.9967019614391218,0.7254063301967494,0.6762360446570973,0.7822878228782287,21.444716691970825,Completed,DAE,50000,minmax,none,,1.0,0.02,covertype
175,0.7832097453871139,0.9969854775582815,0.7266375545851528,0.6898839137645107,0.7675276752767528,21.732825994491577,Completed,DAE,50000,minmax,none,,1.2,0.02,covertype
176,0.8522730992094313,0.997508042531596,0.783203125,0.8319502074688797,0.7398523985239852,21.38160228729248,Completed,DAE,50000,minmax,none,,1.2,0.02,covertype
177,0.7538256053824407,0.9964218773571941,0.70335339638865,0.6586151368760065,0.7546125461254612,20.516984224319458,Completed,DAE,50000,minmax,none,,1.2,0.02,covertype
178,0.8484947605729046,0.9969992803167144,0.8033707865168539,0.8155893536121673,0.7915129151291513,20.607845067977905,Completed,DAE,50000,minmax,none,,1.2,0.02,covertype
179,0.8600842186053973,0.9979752099474167,0.8018018018018018,0.7834507042253521,0.8210332103321033,20.58833122253418,Completed,DAE,50000,minmax,none,,1.2,0.02,covertype
180,0.7795914161717471,0.996999541449982,0.7434819175777965,0.6831530139103554,0.8154981549815498,20.60807204246521,Completed,DAE,50000,minmax,none,,1.4000000000000001,0.02,covertype
181,0.8416087409145696,0.9978355036492255,0.8082545141874463,0.7568438003220612,0.8671586715867159,20.654004096984863,Completed,DAE,50000,minmax,none,,1.4000000000000001,0.02,covertype
182,0.8437728723773426,0.9977388843401961,0.8075880758807589,0.7911504424778761,0.8247232472324724,20.329792976379395,Completed,DAE,50000,minmax,none,,1.4000000000000001,0.02,covertype
183,0.8614256364287629,0.9979226102463621,0.8011049723756906,0.7996323529411765,0.8025830258302583,20.54487180709839,Completed,DAE,50000,minmax,none,,1.4000000000000001,0.02,covertype
184,0.9339971237430448,0.9988944363542871,0.862488306828812,0.8747628083491461,0.8505535055350554,20.476624488830566,Completed,DAE,50000,minmax,none,,1.4000000000000001,0.02,covertype
185,0.8455238299109992,0.9978457997609212,0.7876025524156791,0.7783783783783784,0.7970479704797048,20.255331993103027,Completed,DAE,50000,minmax,none,,1.6,0.02,covertype
186,0.8280876534577776,0.9962737028801806,0.7659176029962546,0.7775665399239544,0.7546125461254612,20.579378604888916,Completed,DAE,50000,minmax,none,,1.6,0.02,covertype
187,0.8290527588297432,0.997477116891756,0.7591522157996147,0.7943548387096774,0.7269372693726938,20.25804305076599,Completed,DAE,50000,minmax,none,,1.6,0.02,covertype
188,0.9261574628323298,0.9989208854238245,0.8449197860962566,0.8172413793103448,0.8745387453874539,20.43115234375,Completed,DAE,50000,minmax,none,,1.6,0.02,covertype
189,0.8952717424851133,0.9981649419187387,0.8251121076233184,0.8027923211169284,0.8487084870848709,20.666731119155884,Completed,DAE,50000,minmax,none,,1.6,0.02,covertype
190,0.7675239995789921,0.9967673566702913,0.7229326513213981,0.6719492868462758,0.7822878228782287,20.416993141174316,Completed,DAE,50000,minmax,none,,1.8,0.02,covertype
191,0.7857301715847217,0.9977689892754806,0.774468085106383,0.7187993680884676,0.8394833948339483,20.50694966316223,Completed,DAE,50000,minmax,none,,1.8,0.02,covertype
192,0.8735350875976204,0.9985240001617534,0.8350810295519544,0.863905325443787,0.8081180811808119,20.523621559143066,Completed,DAE,50000,minmax,none,,1.8,0.02,covertype
193,0.8798443396051949,0.9982327246540693,0.8118279569892474,0.789198606271777,0.8357933579335793,20.39680314064026,Completed,DAE,50000,minmax,none,,1.8,0.02,covertype
194,0.8217338852047549,0.9975535543296716,0.7789275634995296,0.7946257197696737,0.7638376383763837,20.597050428390503,Completed,DAE,50000,minmax,none,,1.8,0.02,covertype
195,0.9216598902280642,0.9988829091857582,0.847985347985348,0.8418181818181818,0.8542435424354243,20.549925327301025,Completed,DAE,50000,minmax,none,,2.0,0.02,covertype
196,0.8788405076892314,0.9983474367680714,0.8324225865209472,0.8219424460431655,0.8431734317343174,20.5017409324646,Completed,DAE,50000,minmax,none,,2.0,0.02,covertype
197,0.7551481956322798,0.9956945465972917,0.732127476313523,0.6865912762520194,0.7841328413284133,20.77526330947876,Completed,DAE,50000,minmax,none,,2.0,0.02,covertype
198,0.8027263062655641,0.9973969489785883,0.7567567567567568,0.7394366197183099,0.7749077490774908,20.754493713378906,Completed,DAE,50000,minmax,none,,2.0,0.02,covertype
199,0.8050628087976487,0.9978798216952204,0.7908208296557812,0.7580372250423012,0.8265682656826568,20.657424211502075,Completed,DAE,50000,minmax,none,,2.0,0.02,covertype
200,0.4511119649065002,0.9737767033662886,0.5547445255474451,0.6031746031746031,0.5135135135135135,21.326876401901245,Completed,DAE,50000,minmax,none,,0.2,0.02,creditcard
201,0.4641294078407295,0.9728588513893015,0.5602836879432623,0.5895522388059702,0.5337837837837838,21.286756992340088,Completed,DAE,50000,minmax,none,,0.2,0.02,creditcard
202,0.4507133855046591,0.9730129561881548,0.5576208178438662,0.6198347107438017,0.5067567567567568,21.216590642929077,Completed,DAE,50000,minmax,none,,0.2,0.02,creditcard
203,0.4501411525984044,0.9697309441351808,0.553030303030303,0.6293103448275862,0.49324324324324326,20.9391086101532,Completed,DAE,50000,minmax,none,,0.2,0.02,creditcard
204,0.46415238910755907,0.9718275555102563,0.5551330798479087,0.6347826086956522,0.49324324324324326,21.155431985855103,Completed,DAE,50000,minmax,none,,0.2,0.02,creditcard
205,0.48084908401199644,0.9742089286992199,0.5660377358490566,0.6410256410256411,0.5067567567567568,20.983192920684814,Completed,DAE,50000,minmax,none,,0.4,0.02,creditcard
206,0.4717734876883765,0.9748246702130197,0.5480427046263346,0.5789473684210527,0.5202702702702703,21.198233604431152,Completed,DAE,50000,minmax,none,,0.4,0.02,creditcard
207,0.4849304941208999,0.9722923095606237,0.5584905660377358,0.6324786324786325,0.5,21.337629079818726,Completed,DAE,50000,minmax,none,,0.4,0.02,creditcard
208,0.46444789512218254,0.9739951879184007,0.5441176470588236,0.5967741935483871,0.5,21.167881965637207,Completed,DAE,50000,minmax,none,,0.4,0.02,creditcard
209,0.4730918589519977,0.9711069088827252,0.5615384615384615,0.6517857142857143,0.49324324324324326,21.172058820724487,Completed,DAE,50000,minmax,none,,0.4,0.02,creditcard
210,0.4790918593453137,0.9723381208376796,0.5522388059701493,0.6166666666666667,0.5,21.3761043548584,Completed,DAE,50000,minmax,none,,0.6000000000000001,0.02,creditcard
211,0.5073841311581664,0.972377832980216,0.5693430656934306,0.6190476190476191,0.527027027027027,21.44545340538025,Completed,DAE,50000,minmax,none,,0.6000000000000001,0.02,creditcard
212,0.4805888521785859,0.9709383016973485,0.5661764705882353,0.6209677419354839,0.5202702702702703,21.082958459854126,Completed,DAE,50000,minmax,none,,0.6000000000000001,0.02,creditcard
213,0.49618085439398374,0.9707981571397282,0.5663082437275986,0.6030534351145038,0.5337837837837838,21.421558380126953,Completed,DAE,50000,minmax,none,,0.6000000000000001,0.02,creditcard
214,0.4664077998080243,0.970446033773483,0.5434782608695652,0.5859375,0.5067567567567568,21.52980327606201,Completed,DAE,50000,minmax,none,,0.6000000000000001,0.02,creditcard
215,0.5034645678661328,0.9754456976434028,0.5799256505576208,0.6446280991735537,0.527027027027027,21.313074350357056,Completed,DAE,50000,minmax,none,,0.8,0.02,creditcard
216,0.49145140933979076,0.9779166603416384,0.5693430656934306,0.6190476190476191,0.527027027027027,22.203481435775757,Completed,DAE,50000,minmax,none,,0.8,0.02,creditcard
217,0.4895697959330777,0.9727296852738159,0.5579710144927538,0.6015625,0.5202702702702703,21.441892862319946,Completed,DAE,50000,minmax,none,,0.8,0.02,creditcard
218,0.4546891717659072,0.9737836157187437,0.5315614617940199,0.5228758169934641,0.5405405405405406,21.182490587234497,Completed,DAE,50000,minmax,none,,0.8,0.02,creditcard
219,0.47820303590290764,0.9721659897079138,0.55,0.5833333333333334,0.5202702702702703,21.55625295639038,Completed,DAE,50000,minmax,none,,0.8,0.02,creditcard
220,0.506160889797619,0.9722610006700916,0.5467625899280576,0.5846153846153846,0.5135135135135135,21.191983699798584,Completed,DAE,50000,minmax,none,,1.0,0.02,creditcard
221,0.4800024135397781,0.9744114199652593,0.5543071161048689,0.6218487394957983,0.5,21.325968503952026,Completed,DAE,50000,minmax,none,,1.0,0.02,creditcard
222,0.4733920779484574,0.972627355350215,0.5617021276595745,0.7586206896551724,0.44594594594594594,21.68746781349182,Completed,DAE,50000,minmax,none,,1.0,0.02,creditcard
223,0.4684792575711869,0.9747421285925257,0.5348837209302325,0.6272727272727273,0.46621621621621623,21.22888684272766,Completed,DAE,50000,minmax,none,,1.0,0.02,creditcard
224,0.5084008180411865,0.974266667172669,0.5693430656934306,0.6190476190476191,0.527027027027027,21.605112075805664,Completed,DAE,50000,minmax,none,,1.0,0.02,creditcard
225,0.5141846068910264,0.970687830573091,0.5693430656934306,0.6190476190476191,0.527027027027027,21.3554949760437,Completed,DAE,50000,minmax,none,,1.2,0.02,creditcard
226,0.4892212066846647,0.9719998221763446,0.5415162454873647,0.5813953488372093,0.5067567567567568,21.406979084014893,Completed,DAE,50000,minmax,none,,1.2,0.02,creditcard
227,0.4891910507991803,0.9737098839592221,0.558303886925795,0.5851851851851851,0.5337837837837838,21.31084108352661,Completed,DAE,50000,minmax,none,,1.2,0.02,creditcard
228,0.49983094184784693,0.9711691200548218,0.5468164794007491,0.6134453781512605,0.49324324324324326,21.734129190444946,Completed,DAE,50000,minmax,none,,1.2,0.02,creditcard
229,0.4857212605770129,0.9750088640755014,0.5531914893617021,0.7471264367816092,0.4391891891891892,21.36524510383606,Completed,DAE,50000,minmax,none,,1.2,0.02,creditcard
230,0.5035064656270292,0.9733391921167737,0.5693430656934306,0.6190476190476191,0.527027027027027,21.575582265853882,Completed,DAE,50000,minmax,none,,1.4000000000000001,0.02,creditcard
231,0.5093266005016734,0.9681061346992503,0.572463768115942,0.6171875,0.5337837837837838,21.65047836303711,Completed,DAE,50000,minmax,none,,1.4000000000000001,0.02,creditcard
232,0.504371974103743,0.9726190876345334,0.5569620253164557,0.7415730337078652,0.44594594594594594,21.352134943008423,Completed,DAE,50000,minmax,none,,1.4000000000000001,0.02,creditcard
233,0.5128894412192884,0.9718190167219293,0.5692883895131086,0.6386554621848739,0.5135135135135135,21.647693157196045,Completed,DAE,50000,minmax,none,,1.4000000000000001,0.02,creditcard
234,0.5085614956086942,0.9710919998872338,0.5672727272727273,0.6141732283464567,0.527027027027027,21.46861743927002,Completed,DAE,50000,minmax,none,,1.4000000000000001,0.02,creditcard
235,0.50750738651537,0.9723619752304659,0.5589519650655023,0.7901234567901234,0.43243243243243246,21.19451355934143,Completed,DAE,50000,minmax,none,,1.6,0.02,creditcard
236,0.5315419874162084,0.9744439486826955,0.5808823529411764,0.6370967741935484,0.5337837837837838,21.423701763153076,Completed,DAE,50000,minmax,none,,1.6,0.02,creditcard
237,0.4835112381279604,0.971675754828888,0.5531914893617023,0.582089552238806,0.527027027027027,21.503108501434326,Completed,DAE,50000,minmax,none,,1.6,0.02,creditcard
238,0.4768110930159395,0.9728505836736199,0.5564516129032258,0.69,0.46621621621621623,21.354042291641235,Completed,DAE,50000,minmax,none,,1.6,0.02,creditcard
239,0.49330993364143993,0.9742886240569382,0.5547445255474451,0.6031746031746031,0.5135135135135135,21.510571479797363,Completed,DAE,50000,minmax,none,,1.6,0.02,creditcard
240,0.5192396363788518,0.9699677260908506,0.5738396624472574,0.7640449438202247,0.4594594594594595,21.650989770889282,Completed,DAE,50000,minmax,none,,1.8,0.02,creditcard
241,0.5054086648447725,0.9742723596982203,0.5588235294117647,0.6129032258064516,0.5135135135135135,21.564515829086304,Completed,DAE,50000,minmax,none,,1.8,0.02,creditcard
242,0.5100803050973214,0.9743700813868511,0.5703971119133574,0.6124031007751938,0.5337837837837838,21.491621255874634,Completed,DAE,50000,minmax,none,,1.8,0.02,creditcard
243,0.4873668798709897,0.9736708494982989,0.5400843881856541,0.7191011235955056,0.43243243243243246,21.631736755371094,Completed,DAE,50000,minmax,none,,1.8,0.02,creditcard
244,0.49659984615922936,0.97129842170663,0.5537190082644627,0.7127659574468085,0.4527027027027027,21.54966974258423,Completed,DAE,50000,minmax,none,,1.8,0.02,creditcard
245,0.49987332517975364,0.9738635821491074,0.5689655172413792,0.7857142857142857,0.44594594594594594,21.29740285873413,Completed,DAE,50000,minmax,none,,2.0,0.02,creditcard
246,0.4970914112661473,0.9724353003810197,0.559322033898305,0.75,0.44594594594594594,21.624725103378296,Completed,DAE,50000,minmax,none,,2.0,0.02,creditcard
247,0.4907804660356928,0.9728530233274275,0.5714285714285714,0.7951807228915663,0.44594594594594594,21.79336953163147,Completed,DAE,50000,minmax,none,,2.0,0.02,creditcard
248,0.49669915103457124,0.9744581799965737,0.556338028169014,0.5808823529411765,0.5337837837837838,21.49863314628601,Completed,DAE,50000,minmax,none,,2.0,0.02,creditcard
249,0.507868958354191,0.9760362294011897,0.5622775800711743,0.5939849624060151,0.5337837837837838,21.474682331085205,Completed,DAE,50000,minmax,none,,2.0,0.02,creditcard
250,0.9183036488771041,0.9783733576930151,0.876387176325524,0.9549882431978501,0.8097408145827399,19.857248306274414,Completed,DAE,50000,minmax,none,,0.2,0.02,shuttle
251,0.9334904615357434,0.9812484840125467,0.9083606069622137,0.9507941451261289,0.8695528339504415,19.888792753219604,Completed,DAE,50000,minmax,none,,0.2,0.02,shuttle
252,0.894895315054929,0.972316036957036,0.8401167255413915,0.9116666666666666,0.7789803474793506,19.844204664230347,Completed,DAE,50000,minmax,none,,0.2,0.02,shuttle
253,0.9091181662247606,0.9779538701957731,0.8838077461502566,0.9736120630568883,0.8091711763030476,19.882286071777344,Completed,DAE,50000,minmax,none,,0.2,0.02,shuttle
254,0.9316574291276775,0.9795850355201695,0.9090356871678056,0.9736499674690956,0.8524636855596696,19.983562707901,Completed,DAE,50000,minmax,none,,0.2,0.02,shuttle
255,0.8527838069950255,0.9707412593994345,0.7989882457967565,0.8364485981308412,0.7647393904870408,19.82483220100403,Completed,DAE,50000,minmax,none,,0.4,0.02,shuttle
256,0.9277938159017818,0.9796876831235681,0.894394923704487,0.9523809523809523,0.8430646539447451,20.012179136276245,Completed,DAE,50000,minmax,none,,0.4,0.02,shuttle
257,0.9055265392228445,0.98015144985663,0.8642081189251002,0.8674318507890961,0.8610082597550556,19.872330904006958,Completed,DAE,50000,minmax,none,,0.4,0.02,shuttle
258,0.9337225906912582,0.9798535787450571,0.9023117076808352,0.9470882905447714,0.8615778980347479,20.03730869293213,Completed,DAE,50000,minmax,none,,0.4,0.02,shuttle
259,0.9084090800003852,0.9784198424558911,0.8745465538089481,0.9317230273752013,0.8239817715750498,19.923150777816772,Completed,DAE,50000,minmax,none,,0.4,0.02,shuttle
260,0.9316387330730095,0.9838739296742769,0.9139784946236559,0.9607535321821036,0.8715465679293648,19.988685846328735,Completed,DAE,50000,minmax,none,,0.6000000000000001,0.02,shuttle
261,0.9265527558834772,0.9814128238939879,0.9044140030441401,0.9712324288983328,0.8461976644830532,20.02535367012024,Completed,DAE,50000,minmax,none,,0.6000000000000001,0.02,shuttle
262,0.9227951375215596,0.9800608420567344,0.9003110650274034,0.937962962962963,0.8655653659925947,20.126898527145386,Completed,DAE,50000,minmax,none,,0.6000000000000001,0.02,shuttle
263,0.930584730615793,0.9831101550300582,0.9198981883515497,0.9696969696969697,0.8749643976075192,20.112497568130493,Completed,DAE,50000,minmax,none,,0.6000000000000001,0.02,shuttle
264,0.9308202134809626,0.9824682279457323,0.9131140286177902,0.947062423500612,0.8815152378239818,19.94920015335083,Completed,DAE,50000,minmax,none,,0.6000000000000001,0.02,shuttle
265,0.9318053942487887,0.9821403791604658,0.915309932785661,0.9623115577889447,0.8726858444887496,20.017077922821045,Completed,DAE,50000,minmax,none,,0.8,0.02,shuttle
266,0.9339239373153021,0.9811811248420408,0.9165921954125708,0.96066187948798,0.8763884933067502,20.05681538581848,Completed,DAE,50000,minmax,none,,0.8,0.02,shuttle
267,0.9258854016073839,0.9814510488643202,0.9070288016713923,0.9526645768025078,0.8655653659925947,20.307292222976685,Completed,DAE,50000,minmax,none,,0.8,0.02,shuttle
268,0.9444478917925111,0.9835375524345313,0.9386120996441281,0.9789669038045159,0.9014525776132156,19.96156668663025,Completed,DAE,50000,minmax,none,,0.8,0.02,shuttle
269,0.9146949998240291,0.9794106301880573,0.8838894760682469,0.9405526992287918,0.8336656223298206,20.34672713279724,Completed,DAE,50000,minmax,none,,0.8,0.02,shuttle
270,0.93012388420453,0.982702251235823,0.9100074128984433,0.9489795918367347,0.8741099401879806,20.278233289718628,Completed,DAE,50000,minmax,none,,1.0,0.02,shuttle
271,0.8617032788889425,0.9725212509404574,0.8163644816364481,0.8953093133922502,0.7502136143548847,20.009010553359985,Completed,DAE,50000,minmax,none,,1.0,0.02,shuttle
272,0.9200838905903521,0.9804062225953111,0.8939597315436242,0.9383218534752661,0.8536029621190544,20.265871286392212,Completed,DAE,50000,minmax,none,,1.0,0.02,shuttle
273,0.9353739357424447,0.9814056637409966,0.9191964959975836,0.9784565916398714,0.8667046425519795,20.123642206192017,Completed,DAE,50000,minmax,none,,1.0,0.02,shuttle
274,0.9355554880809756,0.9823232879552494,0.9221772379667116,0.973717542748575,0.8758188550270578,20.23587965965271,Completed,DAE,50000,minmax,none,,1.0,0.02,shuttle
275,0.9441860322322007,0.9842716243149449,0.9407265774378585,0.9726277372262774,0.9108516092281401,20.439955234527588,Completed,DAE,50000,minmax,none,,1.2,0.02,shuttle
276,0.9422468869062578,0.9823954580487947,0.9283063678195042,0.9693118412895226,0.89062945029906,20.220330715179443,Completed,DAE,50000,minmax,none,,1.2,0.02,shuttle
277,0.9266639837375557,0.9813568859797369,0.9036683566954965,0.9483568075117371,0.8630019937339789,20.191577196121216,Completed,DAE,50000,minmax,none,,1.2,0.02,shuttle
278,0.8946915321435167,0.9790425071042026,0.8535714285714285,0.8937363664693051,0.8168612930788949,20.328747272491455,Completed,DAE,50000,minmax,none,,1.2,0.02,shuttle
279,0.925752220196608,0.9809899375108582,0.8968183169788879,0.9381026438569207,0.8590145257761321,20.500011205673218,Completed,DAE,50000,minmax,none,,1.2,0.02,shuttle
280,0.9408764507752237,0.9836225745653397,0.9247878255779924,0.9509479386096901,0.9000284819139847,20.430904388427734,Completed,DAE,50000,minmax,none,,1.4000000000000001,0.02,shuttle
281,0.9354655053299773,0.9830966032221712,0.9185648354920352,0.9622582657517156,0.8786670464255198,21.443702697753906,Completed,DAE,50000,minmax,none,,1.4000000000000001,0.02,shuttle
282,0.9142365662704426,0.9812008746183111,0.8859223300970873,0.9477442388834794,0.8316718883508972,20.926501512527466,Completed,DAE,50000,minmax,none,,1.4000000000000001,0.02,shuttle
283,0.9091585878385207,0.9801984969351859,0.8681701225972454,0.9263565891472868,0.8168612930788949,20.506742477416992,Completed,DAE,50000,minmax,none,,1.4000000000000001,0.02,shuttle
284,0.9333084301179145,0.9824414117357507,0.9154553544942153,0.9551222531723924,0.878951865565366,21.239893198013306,Completed,DAE,50000,minmax,none,,1.4000000000000001,0.02,shuttle
285,0.9355527268417211,0.9818041706154246,0.9175044352454168,0.9538887181063633,0.8837937909427513,21.170769691467285,Completed,DAE,50000,minmax,none,,1.6,0.02,shuttle
286,0.9011781705486057,0.9804823413945201,0.8559954102122777,0.862178561109506,0.8499003133010539,20.720721006393433,Completed,DAE,50000,minmax,none,,1.6,0.02,shuttle
287,0.9240118962182838,0.9822343608544415,0.8876055086628165,0.9244293645897594,0.8536029621190544,21.43583059310913,Completed,DAE,50000,minmax,none,,1.6,0.02,shuttle
288,0.9459034762742289,0.9846879628443792,0.9440847557386697,0.9765601217656013,0.913699800626602,20.597249269485474,Completed,DAE,50000,minmax,none,,1.6,0.02,shuttle
289,0.7954898492670197,0.9720765966925617,0.7401404646137223,0.7038273824813769,0.7804044431785816,20.706116199493408,Completed,DAE,50000,minmax,none,,1.6,0.02,shuttle
290,0.9209323991544636,0.981776304749507,0.8938198064035741,0.936641697877653,0.8547422386784392,21.217921018600464,Completed,DAE,50000,minmax,none,,1.8,0.02,shuttle
291,0.9064805069026441,0.9803134155163117,0.8730253353204173,0.9155986245701782,0.8342352606095129,20.861539125442505,Completed,DAE,50000,minmax,none,,1.8,0.02,shuttle
292,0.8996964864420077,0.979931315763834,0.8556983966488517,0.8681125439624854,0.8436342922244375,20.95749568939209,Completed,DAE,50000,minmax,none,,1.8,0.02,shuttle
293,0.8976494742616369,0.9805224220065966,0.8479951212075012,0.9124015748031497,0.7920820279122757,20.939993858337402,Completed,DAE,50000,minmax,none,,1.8,0.02,shuttle
294,0.9324130561671138,0.9836796308629985,0.9153549153549154,0.9562519391870927,0.8778125890059812,21.07047963142395,Completed,DAE,50000,minmax,none,,1.8,0.02,shuttle
295,0.8927796701741855,0.9797175358382213,0.8520927601809956,0.8461106430777872,0.8581600683565935,20.901289701461792,Completed,DAE,50000,minmax,none,,2.0,0.02,shuttle
296,0.9323655793294152,0.9831155095249217,0.9155634010002942,0.9467599634925464,0.8863571632013671,20.581066131591797,Completed,DAE,50000,minmax,none,,2.0,0.02,shuttle
297,0.9342790240448993,0.9829658523306792,0.9116681587585795,0.9573801316201818,0.8701224722301338,20.36656093597412,Completed,DAE,50000,minmax,none,,2.0,0.02,shuttle
298,0.9380314889714756,0.9830842822608283,0.9273479031305376,0.9628948175406317,0.8943320991170607,20.504168033599854,Completed,DAE,50000,minmax,none,,2.0,0.02,shuttle
299,0.9358518525846307,0.9819375331508523,0.9203906481207457,0.9578072066522945,0.8857875249216748,20.971824169158936,Completed,DAE,50000,minmax,none,,2.0,0.02,shuttle
300,0.43803873686840655,0.9570483524803706,0.4743718592964824,0.5209713024282561,0.4354243542435424,24.266862154006958,Completed,PW-AE,50000,minmax,none,,0.2,0.02,covertype
301,0.2939711116423393,0.9450820324046988,0.3324584426946632,0.3161397670549085,0.3505535055350554,23.05386447906494,Completed,PW-AE,50000,minmax,none,,0.2,0.02,covertype
302,0.713695297215891,0.9833345121635131,0.7114788004136504,0.8094117647058824,0.6346863468634686,23.357075452804565,Completed,PW-AE,50000,minmax,none,,0.2,0.02,covertype
303,0.6594693762344433,0.977301662195319,0.6391129032258064,0.7044444444444444,0.584870848708487,23.300017595291138,Completed,PW-AE,50000,minmax,none,,0.2,0.02,covertype
304,0.6253295806025546,0.9799370191324138,0.62876254180602,0.7943661971830986,0.5202952029520295,22.90732216835022,Completed,PW-AE,50000,minmax,none,,0.2,0.02,covertype
305,0.6665747707364321,0.9842802249446734,0.6332622601279317,0.75,0.5479704797047971,23.5632803440094,Completed,PW-AE,50000,minmax,none,,0.4,0.02,covertype
306,0.7373082091852282,0.9902055626161018,0.7049891540130151,0.8552631578947368,0.5996309963099631,23.225752592086792,Completed,PW-AE,50000,minmax,none,,0.4,0.02,covertype
307,0.7969042481352064,0.9891569633274884,0.7745901639344263,0.8709677419354839,0.6974169741697417,22.702549695968628,Completed,PW-AE,50000,minmax,none,,0.4,0.02,covertype
308,0.38796826361878844,0.9486025938143646,0.4105691056910569,0.45701357466063347,0.3726937269372694,23.261528730392456,Completed,PW-AE,50000,minmax,none,,0.4,0.02,covertype
309,0.463463608781483,0.9745992313131914,0.5183714001986097,0.5612903225806452,0.48154981549815495,23.409425020217896,Completed,PW-AE,50000,minmax,none,,0.4,0.02,covertype
310,0.6999262008233547,0.9878254074910031,0.6601371204701273,0.7035490605427975,0.6217712177121771,23.54491639137268,Completed,PW-AE,50000,minmax,none,,0.6000000000000001,0.02,covertype
311,0.6915948322413201,0.984878630479863,0.6713709677419355,0.74,0.6143911439114391,23.477649927139282,Completed,PW-AE,50000,minmax,none,,0.6000000000000001,0.02,covertype
312,0.8042056273536885,0.99219062310725,0.7701863354037268,0.8773584905660378,0.6863468634686347,23.401329040527344,Completed,PW-AE,50000,minmax,none,,0.6000000000000001,0.02,covertype
313,0.6601895935160821,0.9859546860663317,0.6360225140712946,0.6469465648854962,0.6254612546125461,22.815153121948242,Completed,PW-AE,50000,minmax,none,,0.6000000000000001,0.02,covertype
314,0.47710169341306363,0.9639736813478773,0.4934497816593886,0.6042780748663101,0.41697416974169743,23.384292602539062,Completed,PW-AE,50000,minmax,none,,0.6000000000000001,0.02,covertype
315,0.591251501773347,0.9780069831512338,0.5697940503432495,0.75,0.45940959409594095,23.21430206298828,Completed,PW-AE,50000,minmax,none,,0.8,0.02,covertype
316,0.8235446318697567,0.9932478770984482,0.7733050847457628,0.9079601990049752,0.6734317343173432,22.659968852996826,Completed,PW-AE,50000,minmax,none,,0.8,0.02,covertype
317,0.806525183466684,0.9948863018291713,0.735444330949949,0.8237986270022883,0.6642066420664207,23.426352500915527,Completed,PW-AE,50000,minmax,none,,0.8,0.02,covertype
318,0.790519451581334,0.9913231756968789,0.7705263157894737,0.8970588235294118,0.6752767527675276,23.09291434288025,Completed,PW-AE,50000,minmax,none,,0.8,0.02,covertype
319,0.7994151455842341,0.9937078446970325,0.7619047619047618,0.7874015748031497,0.7380073800738007,23.745418071746826,Completed,PW-AE,50000,minmax,none,,0.8,0.02,covertype
320,0.7593750513523504,0.9905299647440243,0.7118644067796609,0.7269230769230769,0.6974169741697417,23.13523244857788,Completed,PW-AE,50000,minmax,none,,1.0,0.02,covertype
321,0.6617077649558885,0.9837272939028068,0.634791454730417,0.7074829931972789,0.5756457564575646,23.420912742614746,Completed,PW-AE,50000,minmax,none,,1.0,0.02,covertype
322,0.706814408265962,0.9860856257476804,0.6703786191536749,0.8455056179775281,0.5553505535055351,23.040798902511597,Completed,PW-AE,50000,minmax,none,,1.0,0.02,covertype
323,0.6969266948910728,0.9753672988628467,0.6792873051224945,0.8567415730337079,0.5627306273062731,23.17398738861084,Completed,PW-AE,50000,minmax,none,,1.0,0.02,covertype
324,0.7833315825198127,0.9907038421955249,0.7732267732267734,0.8431372549019608,0.7140221402214022,23.430911779403687,Completed,PW-AE,50000,minmax,none,,1.0,0.02,covertype
325,0.7093301382080005,0.990786397612854,0.732495511669659,0.7132867132867133,0.7527675276752768,23.109681129455566,Completed,PW-AE,50000,minmax,none,,1.2,0.02,covertype
326,0.746777010511581,0.986235889290835,0.7164179104477612,0.8484848484848485,0.6199261992619927,23.133103132247925,Completed,PW-AE,50000,minmax,none,,1.2,0.02,covertype
327,0.8510745640348559,0.9931508474371411,0.8317399617590823,0.8630952380952381,0.8025830258302583,23.19826316833496,Completed,PW-AE,50000,minmax,none,,1.2,0.02,covertype
328,0.7861604033186061,0.9931064174768884,0.7343915343915345,0.8610421836228288,0.6402214022140221,23.204926252365112,Completed,PW-AE,50000,minmax,none,,1.2,0.02,covertype
329,0.594247994862433,0.9810088965866003,0.5945945945945946,0.7630057803468208,0.4870848708487085,23.08701992034912,Completed,PW-AE,50000,minmax,none,,1.2,0.02,covertype
330,0.5590028608849581,0.9838933373562778,0.5610010427528676,0.645083932853717,0.496309963099631,23.57563066482544,Completed,PW-AE,50000,minmax,none,,1.4000000000000001,0.02,covertype
331,0.7077021918076009,0.9896377096732266,0.6597353497164462,0.6763565891472868,0.6439114391143912,23.470743894577026,Completed,PW-AE,50000,minmax,none,,1.4000000000000001,0.02,covertype
332,0.8103584481003795,0.9941903816708918,0.7825223435948362,0.8473118279569892,0.7269372693726938,23.50511646270752,Completed,PW-AE,50000,minmax,none,,1.4000000000000001,0.02,covertype
333,0.7572805233388065,0.9918457406701934,0.7248730964467004,0.8058690744920993,0.6586715867158671,23.41552186012268,Completed,PW-AE,50000,minmax,none,,1.4000000000000001,0.02,covertype
334,0.6589725900469395,0.9889178025590762,0.5961165048543688,0.6290983606557377,0.566420664206642,22.957343816757202,Completed,PW-AE,50000,minmax,none,,1.4000000000000001,0.02,covertype
335,0.8516496656604657,0.9965709471482681,0.7873392680514343,0.8486140724946695,0.7343173431734318,23.342816829681396,Completed,PW-AE,50000,minmax,none,,1.6,0.02,covertype
336,0.8286211102118269,0.9960693101411179,0.774757281553398,0.8176229508196722,0.7361623616236163,23.543773651123047,Completed,PW-AE,50000,minmax,none,,1.6,0.02,covertype
337,0.7454870715644681,0.9921317935125246,0.676300578034682,0.7076612903225806,0.6476014760147601,23.378182649612427,Completed,PW-AE,50000,minmax,none,,1.6,0.02,covertype
338,0.6670358983788205,0.9907716995403608,0.6084452975047985,0.634,0.584870848708487,22.855740308761597,Completed,PW-AE,50000,minmax,none,,1.6,0.02,covertype
339,0.6664089842201959,0.9871884661464593,0.6516393442622952,0.7327188940092166,0.5867158671586716,23.091119289398193,Completed,PW-AE,50000,minmax,none,,1.6,0.02,covertype
340,0.7764132195729598,0.995116397542721,0.7377866400797608,0.8026030368763557,0.6826568265682657,23.23342514038086,Completed,PW-AE,50000,minmax,none,,1.8,0.02,covertype
341,0.8852040294039215,0.9972742909522992,0.8266129032258064,0.9111111111111111,0.7564575645756457,23.199418306350708,Completed,PW-AE,50000,minmax,none,,1.8,0.02,covertype
342,0.6862046496813067,0.9889355969260287,0.6540000000000001,0.7139737991266376,0.6033210332103321,23.46324062347412,Completed,PW-AE,50000,minmax,none,,1.8,0.02,covertype
343,0.867645152191093,0.9968891939920249,0.8085977482088024,0.9080459770114943,0.7287822878228782,22.964006423950195,Completed,PW-AE,50000,minmax,none,,1.8,0.02,covertype
344,0.6348960722400077,0.9831654470250878,0.6103484688489969,0.7135802469135802,0.533210332103321,23.515584230422974,Completed,PW-AE,50000,minmax,none,,1.8,0.02,covertype
345,0.8145424028762157,0.9941872107669275,0.7815866797257591,0.8329853862212944,0.7361623616236163,23.33636212348938,Completed,PW-AE,50000,minmax,none,,2.0,0.02,covertype
346,0.8000441055681283,0.9946728067304935,0.761998041136141,0.8121085594989561,0.7177121771217713,23.181601524353027,Completed,PW-AE,50000,minmax,none,,2.0,0.02,covertype
347,0.5951661439445118,0.9739759808128227,0.5683453237410072,0.8116438356164384,0.43726937269372695,23.422930002212524,Completed,PW-AE,50000,minmax,none,,2.0,0.02,covertype
348,0.4129398850302058,0.9709127383643121,0.44955752212389377,0.43197278911564624,0.46863468634686345,23.353235483169556,Completed,PW-AE,50000,minmax,none,,2.0,0.02,covertype
349,0.7463326483958088,0.9948069919253117,0.7174119885823026,0.7406679764243614,0.6955719557195572,23.488953828811646,Completed,PW-AE,50000,minmax,none,,2.0,0.02,covertype
350,0.42113579336105206,0.9726438907815783,0.5387453874538746,0.5934959349593496,0.49324324324324326,23.903315782546997,Completed,PW-AE,50000,minmax,none,,0.2,0.02,creditcard
351,0.42520795851740933,0.9673966020501766,0.5487364620938628,0.5891472868217055,0.5135135135135135,24.094043016433716,Completed,PW-AE,50000,minmax,none,,0.2,0.02,creditcard
352,0.4164765487239145,0.9666763620316137,0.5460992907801419,0.5746268656716418,0.5202702702702703,24.46092200279236,Completed,PW-AE,50000,minmax,none,,0.2,0.02,creditcard
353,0.40282327781751565,0.9617115309966149,0.5317460317460317,0.6442307692307693,0.4527027027027027,24.32250452041626,Completed,PW-AE,50000,minmax,none,,0.2,0.02,creditcard
354,0.4427492011415376,0.968896989141914,0.5407407407407407,0.5983606557377049,0.49324324324324326,23.775627851486206,Completed,PW-AE,50000,minmax,none,,0.2,0.02,creditcard
355,0.4618626703662706,0.9669132795236061,0.5507246376811593,0.59375,0.5135135135135135,24.489524126052856,Completed,PW-AE,50000,minmax,none,,0.4,0.02,creditcard
356,0.4312124322025619,0.9749252381644262,0.5496183206106869,0.631578947368421,0.4864864864864865,24.032029390335083,Completed,PW-AE,50000,minmax,none,,0.4,0.02,creditcard
357,0.42076097462911144,0.9691424454222336,0.5448028673835126,0.5801526717557252,0.5135135135135135,24.158880472183228,Completed,PW-AE,50000,minmax,none,,0.4,0.02,creditcard
358,0.4257539809356403,0.969870682083833,0.5440613026819923,0.6283185840707964,0.4797297297297297,24.519172430038452,Completed,PW-AE,50000,minmax,none,,0.4,0.02,creditcard
359,0.4285403502899585,0.9687248580121484,0.5543071161048689,0.6218487394957983,0.5,24.40281629562378,Completed,PW-AE,50000,minmax,none,,0.4,0.02,creditcard
360,0.45403390042994174,0.9676362302686221,0.5547445255474451,0.6031746031746031,0.5135135135135135,24.801013231277466,Completed,PW-AE,50000,minmax,none,,0.6000000000000001,0.02,creditcard
361,0.44309182385156726,0.9706782074941828,0.5650557620817843,0.628099173553719,0.5135135135135135,25.212332725524902,Completed,PW-AE,50000,minmax,none,,0.6000000000000001,0.02,creditcard
362,0.44880506763481504,0.9705162415886158,0.5672727272727273,0.6141732283464567,0.527027027027027,25.251407146453857,Completed,PW-AE,50000,minmax,none,,0.6000000000000001,0.02,creditcard
363,0.4662794940255723,0.9700177389939084,0.5559845559845561,0.6486486486486487,0.4864864864864865,24.308460474014282,Completed,PW-AE,50000,minmax,none,,0.6000000000000001,0.02,creditcard
364,0.49512379391934863,0.9694274783087667,0.5622775800711743,0.5939849624060151,0.5337837837837838,24.808493614196777,Completed,PW-AE,50000,minmax,none,,0.6000000000000001,0.02,creditcard
365,0.4780735740744482,0.973923353667396,0.5652173913043478,0.609375,0.527027027027027,24.360241413116455,Completed,PW-AE,50000,minmax,none,,0.8,0.02,creditcard
366,0.47745253215859235,0.9711883662126382,0.5658914728682171,0.6636363636363637,0.49324324324324326,24.557143926620483,Completed,PW-AE,50000,minmax,none,,0.8,0.02,creditcard
367,0.463515259180687,0.9678965955444331,0.5671641791044775,0.6333333333333333,0.5135135135135135,24.111538648605347,Completed,PW-AE,50000,minmax,none,,0.8,0.02,creditcard
368,0.44985565906703595,0.9712580318824803,0.5413533834586467,0.6101694915254238,0.4864864864864865,24.20953869819641,Completed,PW-AE,50000,minmax,none,,0.8,0.02,creditcard
369,0.4612346963715206,0.9717955689381108,0.5512367491166077,0.5777777777777777,0.527027027027027,24.33575963973999,Completed,PW-AE,50000,minmax,none,,0.8,0.02,creditcard
370,0.4798022750406391,0.9725923869789713,0.5846153846153848,0.6785714285714286,0.5135135135135135,23.875582456588745,Completed,PW-AE,50000,minmax,none,,1.0,0.02,creditcard
371,0.46486863920325966,0.9707215791174308,0.5588235294117647,0.6129032258064516,0.5135135135135135,23.7069149017334,Completed,PW-AE,50000,minmax,none,,1.0,0.02,creditcard
372,0.4916850603016326,0.9731197588104031,0.5714285714285714,0.624,0.527027027027027,25.089165449142456,Completed,PW-AE,50000,minmax,none,,1.0,0.02,creditcard
373,0.4471199936545724,0.9710212499268104,0.5522388059701493,0.6166666666666667,0.5,24.07562780380249,Completed,PW-AE,50000,minmax,none,,1.0,0.02,creditcard
374,0.4654303166584325,0.9702744447890079,0.5606060606060607,0.6379310344827587,0.5,23.66074252128601,Completed,PW-AE,50000,minmax,none,,1.0,0.02,creditcard
375,0.4590151433144111,0.9691589808535969,0.5492957746478873,0.5735294117647058,0.527027027027027,24.088593244552612,Completed,PW-AE,50000,minmax,none,,1.2,0.02,creditcard
376,0.4529992904764238,0.9715491639035329,0.5521885521885521,0.5503355704697986,0.5540540540540541,23.39021062850952,Completed,PW-AE,50000,minmax,none,,1.2,0.02,creditcard
377,0.4680568864145625,0.9738181774810195,0.5617977528089888,0.6302521008403361,0.5067567567567568,23.547984838485718,Completed,PW-AE,50000,minmax,none,,1.2,0.02,creditcard
378,0.5103927567336058,0.9741784330266237,0.5714285714285714,0.6440677966101694,0.5135135135135135,23.722591876983643,Completed,PW-AE,50000,minmax,none,,1.2,0.02,creditcard
379,0.46489391137363584,0.9656270398216558,0.541095890410959,0.5486111111111112,0.5337837837837838,23.44141936302185,Completed,PW-AE,50000,minmax,none,,1.2,0.02,creditcard
380,0.4920688295280919,0.9730355907540373,0.5777777777777778,0.639344262295082,0.527027027027027,23.524322271347046,Completed,PW-AE,50000,minmax,none,,1.4000000000000001,0.02,creditcard
381,0.4917711956655347,0.974529336565965,0.5735294117647058,0.6290322580645161,0.527027027027027,23.723118543624878,Completed,PW-AE,50000,minmax,none,,1.4000000000000001,0.02,creditcard
382,0.47544362304272436,0.9734603615892231,0.5527272727272728,0.5984251968503937,0.5135135135135135,23.71274209022522,Completed,PW-AE,50000,minmax,none,,1.4000000000000001,0.02,creditcard
383,0.501547130965858,0.9741490216446086,0.5661764705882353,0.6209677419354839,0.5202702702702703,23.70187258720398,Completed,PW-AE,50000,minmax,none,,1.4000000000000001,0.02,creditcard
384,0.5190242246355892,0.9705348100648188,0.5799256505576208,0.6446280991735537,0.527027027027027,23.35345220565796,Completed,PW-AE,50000,minmax,none,,1.4000000000000001,0.02,creditcard
385,0.509237779069116,0.9686755227907037,0.5631768953068591,0.6046511627906976,0.527027027027027,23.323142290115356,Completed,PW-AE,50000,minmax,none,,1.6,0.02,creditcard
386,0.4565714852446263,0.9703432972409142,0.5473684210526315,0.5693430656934306,0.527027027027027,23.347623348236084,Completed,PW-AE,50000,minmax,none,,1.6,0.02,creditcard
387,0.47611099241552746,0.9740159249757662,0.5642857142857143,0.5984848484848485,0.5337837837837838,24.407575130462646,Completed,PW-AE,50000,minmax,none,,1.6,0.02,creditcard
388,0.4769344402826436,0.9684930909004166,0.5642857142857143,0.5984848484848485,0.5337837837837838,23.461931943893433,Completed,PW-AE,50000,minmax,none,,1.6,0.02,creditcard
389,0.5186482441675762,0.974765305303699,0.5746268656716418,0.6416666666666667,0.5202702702702703,23.865610122680664,Completed,PW-AE,50000,minmax,none,,1.6,0.02,creditcard
390,0.4830998749321839,0.9657560704008189,0.5505226480836237,0.5683453237410072,0.5337837837837838,23.386163234710693,Completed,PW-AE,50000,minmax,none,,1.8,0.02,creditcard
391,0.4781429235232394,0.973232931639816,0.5494505494505495,0.6,0.5067567567567568,24.003817796707153,Completed,PW-AE,50000,minmax,none,,1.8,0.02,creditcard
392,0.4955667255729883,0.9738817440163424,0.5735294117647058,0.6290322580645161,0.527027027027027,23.41645622253418,Completed,PW-AE,50000,minmax,none,,1.8,0.02,creditcard
393,0.48663580681605983,0.9724205269218508,0.5480427046263346,0.5789473684210527,0.5202702702702703,23.550962924957275,Completed,PW-AE,50000,minmax,none,,1.8,0.02,creditcard
394,0.5018679439574752,0.9709255612830193,0.5799256505576208,0.6446280991735537,0.527027027027027,23.729815006256104,Completed,PW-AE,50000,minmax,none,,1.8,0.02,creditcard
395,0.514021940179576,0.9728543786906538,0.5663082437275986,0.6030534351145038,0.5337837837837838,23.578842401504517,Completed,PW-AE,50000,minmax,none,,2.0,0.02,creditcard
396,0.5024650511453884,0.9728725405578893,0.5672727272727273,0.6141732283464567,0.527027027027027,23.43378973007202,Completed,PW-AE,50000,minmax,none,,2.0,0.02,creditcard
397,0.48658321401368093,0.9731667899143628,0.5633802816901409,0.5882352941176471,0.5405405405405406,23.59055495262146,Completed,PW-AE,50000,minmax,none,,2.0,0.02,creditcard
398,0.5209427760840972,0.969314305479354,0.5808823529411764,0.6370967741935484,0.5337837837837838,23.746495008468628,Completed,PW-AE,50000,minmax,none,,2.0,0.02,creditcard
399,0.4623195829778361,0.973562284903856,0.55,0.717391304347826,0.44594594594594594,23.79876708984375,Completed,PW-AE,50000,minmax,none,,2.0,0.02,creditcard
400,0.9110339217900858,0.9787465728577492,0.8569258809234508,0.9179954441913439,0.8034747935061236,21.908276319503784,Completed,PW-AE,50000,minmax,none,,0.2,0.02,shuttle
401,0.9293451928081785,0.9793956600950665,0.9029200428069103,0.9745874587458746,0.8410709199658217,21.97386336326599,Completed,PW-AE,50000,minmax,none,,0.2,0.02,shuttle
402,0.9143233353696891,0.9768817028888144,0.8603692965054175,0.9266929651545036,0.8029051552264312,21.97575044631958,Completed,PW-AE,50000,minmax,none,,0.2,0.02,shuttle
403,0.9288341545703561,0.9788910754915923,0.8976402083971804,0.9714759535655058,0.8342352606095129,23.82268452644348,Completed,PW-AE,50000,minmax,none,,0.2,0.02,shuttle
404,0.8795154080557701,0.9690969608799356,0.8521248235847577,0.9480111653872993,0.773853602962119,22.765506505966187,Completed,PW-AE,50000,minmax,none,,0.2,0.02,shuttle
405,0.8912770725248172,0.9747007052925639,0.8377880184331797,0.9093031010336778,0.7767017943605811,22.408386945724487,Completed,PW-AE,50000,minmax,none,,0.4,0.02,shuttle
406,0.9433660272855436,0.9817897253504017,0.9066164760388012,0.9219670200235571,0.8917687268584449,22.27108597755432,Completed,PW-AE,50000,minmax,none,,0.4,0.02,shuttle
407,0.9370742985456301,0.9816560504173737,0.9013108332077746,0.9568138195777351,0.8518940472799772,22.89344596862793,Completed,PW-AE,50000,minmax,none,,0.4,0.02,shuttle
408,0.9438982125227297,0.9815269614811134,0.9144401080756529,0.9666772453189464,0.867559099971518,21.96562170982361,Completed,PW-AE,50000,minmax,none,,0.4,0.02,shuttle
409,0.9416711896884102,0.9826614521092667,0.91342383107089,0.9708239820455274,0.8624323554542865,22.39831304550171,Completed,PW-AE,50000,minmax,none,,0.4,0.02,shuttle
410,0.9331570011346172,0.9802085936256171,0.9099468488990129,0.9746258945998699,0.8533181429792082,22.287015438079834,Completed,PW-AE,50000,minmax,none,,0.6000000000000001,0.02,shuttle
411,0.9390070597489976,0.9821413538409778,0.9157641395908543,0.9703538412496016,0.8669894616918257,22.389078617095947,Completed,PW-AE,50000,minmax,none,,0.6000000000000001,0.02,shuttle
412,0.9021485825666653,0.9752787408197435,0.8540572971351433,0.9020912547528517,0.8108800911421248,22.377089977264404,Completed,PW-AE,50000,minmax,none,,0.6000000000000001,0.02,shuttle
413,0.9450031737788018,0.981311282178093,0.9217625899280576,0.9727934198038596,0.8758188550270578,22.237802028656006,Completed,PW-AE,50000,minmax,none,,0.6000000000000001,0.02,shuttle
414,0.9380764356659849,0.9812252041433969,0.9068642273964318,0.9664840476957782,0.8541726003987468,22.29267120361328,Completed,PW-AE,50000,minmax,none,,0.6000000000000001,0.02,shuttle
415,0.9135426777785499,0.9768240780275235,0.8918012800975312,0.9590298262864635,0.8333808031899743,22.24608302116394,Completed,PW-AE,50000,minmax,none,,0.8,0.02,shuttle
416,0.9361257129271213,0.9814073694318923,0.9095002251238181,0.9612944162436549,0.8630019937339789,22.558250188827515,Completed,PW-AE,50000,minmax,none,,0.8,0.02,shuttle
417,0.9262046898384825,0.979743764740715,0.9002874867604782,0.9602969657843771,0.8473369410424381,22.265410900115967,Completed,PW-AE,50000,minmax,none,,0.8,0.02,shuttle
418,0.9526718054234771,0.9827049441031347,0.9329376854599407,0.9736760606999071,0.8954713756764454,22.654266834259033,Completed,PW-AE,50000,minmax,none,,0.8,0.02,shuttle
419,0.9514584870796831,0.9844748077139666,0.928271265034053,0.9448377581120944,0.9122757049273711,22.06300640106201,Completed,PW-AE,50000,minmax,none,,0.8,0.02,shuttle
420,0.9442308588841265,0.982414483062633,0.9180474697716077,0.9645545796737767,0.8758188550270578,22.43676447868347,Completed,PW-AE,50000,minmax,none,,1.0,0.02,shuttle
421,0.9313053580503272,0.9803389696399891,0.9066707466340269,0.979504132231405,0.8439191113642837,22.142558097839355,Completed,PW-AE,50000,minmax,none,,1.0,0.02,shuttle
422,0.9358182939982984,0.9819913092737113,0.9133243202643834,0.9663064208518753,0.8658501851324409,22.28856348991394,Completed,PW-AE,50000,minmax,none,,1.0,0.02,shuttle
423,0.936514040191798,0.9811833803527126,0.9087112171837709,0.9539617914187285,0.867559099971518,22.235500812530518,Completed,PW-AE,50000,minmax,none,,1.0,0.02,shuttle
424,0.9420290284201884,0.9802659810647318,0.9101923368165985,0.9718628719275549,0.855881515237824,22.337846040725708,Completed,PW-AE,50000,minmax,none,,1.0,0.02,shuttle
425,0.9486068082640051,0.982560035352412,0.9287528005974608,0.9764447236180904,0.8855027057818285,22.379104375839233,Completed,PW-AE,50000,minmax,none,,1.2,0.02,shuttle
426,0.9525347508130395,0.9829014859291811,0.9412288512911843,0.982646420824295,0.9031614924522928,22.80537509918213,Completed,PW-AE,50000,minmax,none,,1.2,0.02,shuttle
427,0.9058421119074817,0.9756031594793623,0.8787028375428749,0.9707199448846021,0.802620336086585,21.944679498672485,Completed,PW-AE,50000,minmax,none,,1.2,0.02,shuttle
428,0.9479458057374037,0.9817793724939387,0.9369315640375726,0.9831038798498123,0.894901737396753,22.574538946151733,Completed,PW-AE,50000,minmax,none,,1.2,0.02,shuttle
429,0.9517354526950377,0.9834790965956246,0.9333333333333333,0.9725223834516826,0.8971802905155226,22.840463399887085,Completed,PW-AE,50000,minmax,none,,1.2,0.02,shuttle
430,0.9331224484675348,0.9796260720689016,0.903545673076923,0.956120826709062,0.8564511535175163,24.31643795967102,Completed,PW-AE,50000,minmax,none,,1.4000000000000001,0.02,shuttle
431,0.9585657598113366,0.9831728469804204,0.9474302496328928,0.9778720824492271,0.9188265451438337,24.650346517562866,Completed,PW-AE,50000,minmax,none,,1.4000000000000001,0.02,shuttle
432,0.930073738268412,0.9793324058290244,0.9088435374149659,0.9684278350515464,0.8561663343776702,22.807188272476196,Completed,PW-AE,50000,minmax,none,,1.4000000000000001,0.02,shuttle
433,0.9449973031160617,0.9831613382528375,0.923628755044089,0.9716981132075472,0.8800911421247508,23.617451906204224,Completed,PW-AE,50000,minmax,none,,1.4000000000000001,0.02,shuttle
434,0.9521986290771098,0.9834921923030154,0.9272086879953038,0.9564032697547684,0.8997436627741384,23.41207218170166,Completed,PW-AE,50000,minmax,none,,1.4000000000000001,0.02,shuttle
435,0.9551682943080854,0.9850325061573878,0.9399116347569956,0.973162549557792,0.9088578752492168,23.389047861099243,Completed,PW-AE,50000,minmax,none,,1.6,0.02,shuttle
436,0.9508225930070779,0.9837817598863813,0.9336506991966678,0.9772656493304267,0.8937624608373683,23.2857403755188,Completed,PW-AE,50000,minmax,none,,1.6,0.02,shuttle
437,0.9567442055466446,0.9829654462137992,0.9441984056687334,0.9800796812749004,0.9108516092281401,23.672358751296997,Completed,PW-AE,50000,minmax,none,,1.6,0.02,shuttle
438,0.9552610237433746,0.9841195366673747,0.9388652690221375,0.9673716012084592,0.911990885787525,23.544808864593506,Completed,PW-AE,50000,minmax,none,,1.6,0.02,shuttle
439,0.9409665983866512,0.9819943395304311,0.9170332170483847,0.9808565866320571,0.8610082597550556,23.39634370803833,Completed,PW-AE,50000,minmax,none,,1.6,0.02,shuttle
440,0.943046667149503,0.9815779947530449,0.9228482235766315,0.9651741293532339,0.8840786100825976,23.272001028060913,Completed,PW-AE,50000,minmax,none,,1.8,0.02,shuttle
441,0.9527649434726756,0.9835977514520458,0.9374163817452058,0.980410447761194,0.8980347479350612,23.744011878967285,Completed,PW-AE,50000,minmax,none,,1.8,0.02,shuttle
442,0.950416198269521,0.983365127703203,0.9389278781543975,0.9868173258003766,0.8954713756764454,23.4145929813385,Completed,PW-AE,50000,minmax,none,,1.8,0.02,shuttle
443,0.9437315075382804,0.9825599478810839,0.9224538773061347,0.9743346007604563,0.8758188550270578,23.1833655834198,Completed,PW-AE,50000,minmax,none,,1.8,0.02,shuttle
444,0.9579109888370505,0.9839950462237858,0.9448377581120943,0.9798103395533803,0.9122757049273711,23.261826992034912,Completed,PW-AE,50000,minmax,none,,1.8,0.02,shuttle
445,0.9419976429617342,0.9827988008380703,0.9203965154701111,0.9736256752462663,0.8726858444887496,23.464937925338745,Completed,PW-AE,50000,minmax,none,,2.0,0.02,shuttle
446,0.946555671056046,0.9835833499226873,0.9284862932061978,0.9734457981880662,0.8874964397607519,23.5922749042511,Completed,PW-AE,50000,minmax,none,,2.0,0.02,shuttle
447,0.9526633333310235,0.9835923594694704,0.942861361287465,0.9788473329245861,0.9094275135289092,23.409502744674683,Completed,PW-AE,50000,minmax,none,,2.0,0.02,shuttle
448,0.9452336967587069,0.9829592045097518,0.927120669056153,0.9745682888540032,0.8840786100825976,23.591689348220825,Completed,PW-AE,50000,minmax,none,,2.0,0.02,shuttle
449,0.9547463204211646,0.9838283258726331,0.9403973509933774,0.9728989037758831,0.9099971518086015,23.34150218963623,Completed,PW-AE,50000,minmax,none,,2.0,0.02,shuttle
