optimizer_fn,dataset,model,lr,PR-AUC,ROC-AUC,Max F1,Max F1 Precision,Max F1 Recall,runtime,subsample,seed,PR-AUC_std,ROC-AUC_std,Max F1_std,Max F1 Precision_std,Max F1 Recall_std,runtime_std,subsample_std,seed_std
adam,covertype,AE,0.001,0.5614428097261491,0.9748141066877125,0.5466063348416289,0.5364120781527532,0.5571955719557196,211.22627449035645,50000.0,42.0,,,,,,,,
adam,covertype,AE,0.0020000000000000005,0.3595638746332818,0.9631338021496193,0.40878378378378377,0.37694704049844235,0.44649446494464945,198.6508846282959,50000.0,42.0,,,,,,,,
adam,covertype,AE,0.004000000000000001,0.15944271796400852,0.9356523608909508,0.2706681766704417,0.19526143790849673,0.44095940959409596,240.08825516700745,50000.0,42.0,,,,,,,,
adam,covertype,AE,0.008000000000000004,0.18321443008185165,0.9191959661923442,0.2820097244732577,0.2514450867052023,0.3210332103321033,198.87648916244507,50000.0,42.0,,,,,,,,
adam,covertype,AE,0.016,0.17731182646170612,0.8848776829391489,0.27480916030534347,0.2543171114599686,0.2988929889298893,200.6075279712677,50000.0,42.0,,,,,,,,
adam,covertype,AE,0.03200000000000001,0.15147643771246067,0.8731796959483608,0.2338403041825095,0.2411764705882353,0.22693726937269373,188.46699619293213,50000.0,42.0,,,,,,,,
adam,covertype,AE,0.06399999999999999,0.05310874600603642,0.7062279836676808,0.1533613445378151,0.10719530102790015,0.2693726937269373,189.5226366519928,50000.0,42.0,,,,,,,,
adam,covertype,AE,0.128,0.3591585429971392,0.9349318569007599,0.5176132278936018,0.42402826855123676,0.6642066420664207,190.06833744049072,50000.0,42.0,,,,,,,,
adam,covertype,AE,0.256,0.5720044624954602,0.9697462933624847,0.6104328523862376,0.766016713091922,0.507380073800738,206.76602387428284,50000.0,42.0,,,,,,,,
adam,covertype,DAE,0.001,0.7802905973582737,0.9955743879894214,0.7324444444444445,0.7066895368782161,0.7601476014760148,297.2408056259155,50000.0,42.0,,,,,,,,
adam,covertype,DAE,0.0020000000000000005,0.5193170729153247,0.9844810737322466,0.48577235772357724,0.5407239819004525,0.44095940959409596,278.0817377567291,50000.0,42.0,,,,,,,,
adam,covertype,DAE,0.004000000000000001,0.35868661447579786,0.9732812171018714,0.36329588014981273,0.27452830188679245,0.5369003690036901,293.2335832118988,50000.0,42.0,,,,,,,,
adam,covertype,DAE,0.008000000000000004,0.30287829733798355,0.9588343175073144,0.33477011494252873,0.2741176470588235,0.42988929889298894,353.5328800678253,50000.0,42.0,,,,,,,,
adam,covertype,DAE,0.016,0.28116920293285325,0.9416861434779579,0.31652839821314616,0.24195121951219511,0.4575645756457565,270.97596764564514,50000.0,42.0,,,,,,,,
adam,covertype,DAE,0.03200000000000001,0.1804025892529628,0.879570223883726,0.23972125435540068,0.19260918253079506,0.3173431734317343,273.0274860858917,50000.0,42.0,,,,,,,,
adam,covertype,DAE,0.06399999999999999,0.4574422920351011,0.9486480310029354,0.5734375,0.497289972899729,0.6771217712177122,295.1726322174072,50000.0,42.0,,,,,,,,
adam,covertype,DAE,0.128,0.5699173925911429,0.9357082807149798,0.590818363273453,0.6434782608695652,0.5461254612546126,331.9965763092041,50000.0,42.0,,,,,,,,
adam,covertype,DAE,0.256,0.4747115602438259,0.9619348274035938,0.5339449541284405,0.531021897810219,0.5369003690036901,301.44838428497314,50000.0,42.0,,,,,,,,
adam,covertype,PW-AE,0.001,0.6185848425904571,0.9900005356962464,0.558180227471566,0.5307820299500832,0.5885608856088561,303.0219392776489,50000.0,42.0,,,,,,,,
adam,covertype,PW-AE,0.0020000000000000005,0.33541612795143827,0.9679014987408154,0.4256816182937555,0.40672268907563025,0.44649446494464945,343.33293867111206,50000.0,42.0,,,,,,,,
adam,covertype,PW-AE,0.004000000000000001,0.017300833119440393,0.7175051357452795,0.04690358707102067,0.02417833666761932,0.7804428044280443,304.1122815608978,50000.0,42.0,,,,,,,,
adam,covertype,PW-AE,0.008000000000000004,0.017672746456360248,0.7038651006429996,0.039201080124773025,0.02010794287624779,0.7767527675276753,314.52150297164917,50000.0,42.0,,,,,,,,
adam,covertype,PW-AE,0.016,0.03172872675185115,0.7411097925124586,0.08246773685867169,0.04971537001897533,0.24169741697416974,316.4646227359772,50000.0,42.0,,,,,,,,
adam,covertype,PW-AE,0.03200000000000001,0.04608122938678574,0.829012473067834,0.10726150925486473,0.061546840958605666,0.41697416974169743,308.77906036376953,50000.0,42.0,,,,,,,,
adam,covertype,PW-AE,0.06399999999999999,0.3838442404633198,0.9634948748492701,0.5059797608095676,0.5045871559633027,0.507380073800738,367.75151681900024,50000.0,42.0,,,,,,,,
adam,covertype,PW-AE,0.128,0.28291629303594834,0.9450080943852021,0.46270066100094426,0.4738878143133462,0.45202952029520294,367.8686249256134,50000.0,42.0,,,,,,,,
adam,covertype,PW-AE,0.256,0.47716000046197354,0.9743840575006503,0.4880083420229405,0.5611510791366906,0.4317343173431734,373.2354278564453,50000.0,42.0,,,,,,,,
adam,creditcard,AE,0.001,0.1395666687911244,0.9605029536075431,0.256,0.18181818181818182,0.43243243243243246,225.4543421268463,50000.0,42.0,,,,,,,,
adam,creditcard,AE,0.0020000000000000005,0.12362818849073688,0.9587103502041718,0.23673469387755103,0.1695906432748538,0.3918918918918919,222.766699552536,50000.0,42.0,,,,,,,,
adam,creditcard,AE,0.004000000000000001,0.17444743525043024,0.9590256076906563,0.27893175074183973,0.24867724867724866,0.31756756756756754,209.38695907592773,50000.0,42.0,,,,,,,,
adam,creditcard,AE,0.008000000000000004,0.20266889848493655,0.9625087556464432,0.3495702005730659,0.3034825870646766,0.41216216216216217,210.35627388954163,50000.0,42.0,,,,,,,,
adam,creditcard,AE,0.016,0.1856692033541788,0.9617528695750232,0.31388329979879276,0.22349570200573066,0.527027027027027,202.51548552513123,50000.0,42.0,,,,,,,,
adam,creditcard,AE,0.03200000000000001,0.16802180361219385,0.9376001613424384,0.25708884688090733,0.1784776902887139,0.4594594594594595,256.91937708854675,50000.0,42.0,,,,,,,,
adam,creditcard,AE,0.06399999999999999,0.03870024740751512,0.9095671837287019,0.12282031842304775,0.06917164816396243,0.5472972972972973,203.2183554172516,50000.0,42.0,,,,,,,,
adam,creditcard,AE,0.128,0.5793842547669367,0.9491917698007726,0.5991902834008098,0.7474747474747475,0.5,206.30451154708862,50000.0,42.0,,,,,,,,
adam,creditcard,AE,0.256,0.5941426125532231,0.9231643231532906,0.6312056737588652,0.664179104477612,0.6013513513513513,205.97588849067688,50000.0,42.0,,,,,,,,
adam,creditcard,DAE,0.001,0.37845820663158714,0.978960967707658,0.4603580562659847,0.37037037037037035,0.6081081081081081,374.9069814682007,50000.0,42.0,,,,,,,,
adam,creditcard,DAE,0.0020000000000000005,0.31187999790643156,0.9803994146999443,0.4075067024128686,0.3377777777777778,0.5135135135135135,280.64857482910156,50000.0,42.0,,,,,,,,
adam,creditcard,DAE,0.004000000000000001,0.22722102123211924,0.9756973885945641,0.33771929824561403,0.25,0.5202702702702703,290.8773412704468,50000.0,42.0,,,,,,,,
adam,creditcard,DAE,0.008000000000000004,0.19270549613505517,0.9696043532098253,0.3222222222222222,0.27358490566037735,0.3918918918918919,292.593407869339,50000.0,42.0,,,,,,,,
adam,creditcard,DAE,0.016,0.15830406263520447,0.9383817993151621,0.2727272727272727,0.2054794520547945,0.40540540540540543,285.7177724838257,50000.0,42.0,,,,,,,,
adam,creditcard,DAE,0.03200000000000001,0.17076151145920324,0.9360841875735962,0.2901554404145078,0.23529411764705882,0.3783783783783784,279.9119954109192,50000.0,42.0,,,,,,,,
adam,creditcard,DAE,0.06399999999999999,0.3036985639587804,0.9093995252975836,0.4545454545454546,0.5172413793103449,0.40540540540540543,319.54240465164185,50000.0,42.0,,,,,,,,
adam,creditcard,DAE,0.128,0.4789647559937424,0.9279125671446943,0.5878136200716846,0.6259541984732825,0.5540540540540541,346.2692291736603,50000.0,42.0,,,,,,,,
adam,creditcard,DAE,0.256,0.5941426125532231,0.9231643231532906,0.6312056737588652,0.664179104477612,0.6013513513513513,292.805810213089,50000.0,42.0,,,,,,,,
adam,creditcard,PW-AE,0.001,0.5167660627885048,0.9804658274980428,0.5358490566037736,0.6068376068376068,0.4797297297297297,316.61361837387085,50000.0,42.0,,,,,,,,
adam,creditcard,PW-AE,0.0020000000000000005,0.3944065482096202,0.9712545079380913,0.4510638297872341,0.6091954022988506,0.3581081081081081,365.03620529174805,50000.0,42.0,,,,,,,,
adam,creditcard,PW-AE,0.004000000000000001,0.21043931244384004,0.936609661896511,0.34402332361516036,0.30256410256410254,0.39864864864864863,356.34188508987427,50000.0,42.0,,,,,,,,
adam,creditcard,PW-AE,0.008000000000000004,0.06429012260995093,0.9011923943521473,0.1423728813559322,0.14285714285714285,0.14189189189189189,305.09013175964355,50000.0,42.0,,,,,,,,
adam,creditcard,PW-AE,0.016,0.07458960407261668,0.904120385530359,0.1388888888888889,0.09,0.30405405405405406,305.3684985637665,50000.0,42.0,,,,,,,,
adam,creditcard,PW-AE,0.03200000000000001,0.07317073532922552,0.8610374546495465,0.2150943396226415,0.14921465968586387,0.38513513513513514,307.62525510787964,50000.0,42.0,,,,,,,,
adam,creditcard,PW-AE,0.06399999999999999,0.2683708435837807,0.9246187634316496,0.4503311258278146,0.44155844155844154,0.4594594594594595,364.4233434200287,50000.0,42.0,,,,,,,,
adam,creditcard,PW-AE,0.128,0.5287491529837851,0.9229431278747254,0.575875486381323,0.6788990825688074,0.5,350.59592294692993,50000.0,42.0,,,,,,,,
adam,creditcard,PW-AE,0.256,0.5941426125532231,0.9231643231532906,0.6312056737588652,0.664179104477612,0.6013513513513513,317.3839282989502,50000.0,42.0,,,,,,,,
adam,shuttle,AE,0.001,0.4571521422453026,0.8443703259617787,0.48976327575175943,0.5585552717986136,0.43605810310452864,216.9590027332306,50000.0,42.0,,,,,,,,
adam,shuttle,AE,0.0020000000000000005,0.41615867574408594,0.8297439265626718,0.453736932438758,0.5017253278122843,0.4141270293363714,239.62195467948914,50000.0,42.0,,,,,,,,
adam,shuttle,AE,0.004000000000000001,0.4508164290782901,0.8570789227426115,0.49041056968319363,0.48922902494331066,0.49159783537453716,255.87174701690674,50000.0,42.0,,,,,,,,
adam,shuttle,AE,0.008000000000000004,0.348924870935006,0.8179940842641042,0.39597008090367874,0.42664473684210524,0.36941042438051835,226.15414834022522,50000.0,42.0,,,,,,,,
adam,shuttle,AE,0.016,0.37830137396429814,0.8214994664936267,0.4155808150817854,0.4048069133135296,0.4269438906294503,231.716059923172,50000.0,42.0,,,,,,,,
adam,shuttle,AE,0.03200000000000001,0.4588018667228679,0.8630146645806337,0.47804436396559535,0.5083440308087291,0.4511535175163771,215.9266481399536,50000.0,42.0,,,,,,,,
adam,shuttle,AE,0.06399999999999999,0.26287672352732494,0.7735271224783407,0.40575972490866113,0.3257981018119068,0.5377385360296212,183.52101683616638,50000.0,42.0,,,,,,,,
adam,shuttle,AE,0.128,0.07914486427654777,0.13906111750394617,0.13354409888205382,0.07155686178463548,0.998575904300769,191.3712019920349,50000.0,42.0,,,,,,,,
adam,shuttle,AE,0.256,0.21265657895191917,0.6189545706786638,0.3475040257648953,0.3997776954427566,0.30731985189404726,204.85295867919922,50000.0,42.0,,,,,,,,
adam,shuttle,DAE,0.001,0.6155974945465166,0.9546677968295466,0.5984089265419982,0.4695201037613489,0.8248362289945884,261.2177972793579,50000.0,42.0,,,,,,,,
adam,shuttle,DAE,0.0020000000000000005,0.5332254716793605,0.9431829301752752,0.5549154783265653,0.4150890081944052,0.8367986328681287,281.1518793106079,50000.0,42.0,,,,,,,,
adam,shuttle,DAE,0.004000000000000001,0.5346906515775014,0.9417563602870523,0.5477645233246047,0.4152941176470588,0.8043292509256622,400.3114240169525,50000.0,42.0,,,,,,,,
adam,shuttle,DAE,0.008000000000000004,0.5727323940562312,0.9447124350726888,0.5642948992713245,0.4523277787321766,0.7499287952150384,283.63147926330566,50000.0,42.0,,,,,,,,
adam,shuttle,DAE,0.016,0.5802185006656602,0.9280709399467723,0.5598790045373299,0.5412014885699096,0.5798917687268584,293.8451895713806,50000.0,42.0,,,,,,,,
adam,shuttle,DAE,0.03200000000000001,0.49939755953701825,0.9071643741077221,0.5049872419392253,0.4259440422617883,0.6200512674451724,297.8438787460327,50000.0,42.0,,,,,,,,
adam,shuttle,DAE,0.06399999999999999,0.5587275544933606,0.9002082729807204,0.6216006216006217,0.569935882213251,0.6835659356308744,397.10503911972046,50000.0,42.0,,,,,,,,
adam,shuttle,DAE,0.128,0.6282316545913246,0.9260478280975475,0.6930098486668268,0.5991692627206646,0.8217032184562802,273.81314730644226,50000.0,42.0,,,,,,,,
adam,shuttle,DAE,0.256,0.6182969732519734,0.9256083908895713,0.6979560938682816,0.6265005662514156,0.7878097408145828,403.8914620876312,50000.0,42.0,,,,,,,,
adam,shuttle,PW-AE,0.001,0.9536733892653372,0.9862503444652136,0.952255031585133,0.9833131067961165,0.9230988322415267,283.6086370944977,50000.0,42.0,,,,,,,,
adam,shuttle,PW-AE,0.0020000000000000005,0.9496648283365356,0.9860707970686059,0.9481760277938622,0.9640859581984104,0.9327826829962973,285.91910099983215,50000.0,42.0,,,,,,,,
adam,shuttle,PW-AE,0.004000000000000001,0.8737342707147969,0.9793501000290868,0.8417200365965234,0.9058089924515917,0.7861008259755056,295.70715594291687,50000.0,42.0,,,,,,,,
adam,shuttle,PW-AE,0.008000000000000004,0.9214462530849762,0.9836789998198465,0.9116825863335781,0.941712204007286,0.8835089718029051,283.0028383731842,50000.0,42.0,,,,,,,,
adam,shuttle,PW-AE,0.016,0.6549045523481036,0.9103248318991639,0.6862408246134624,0.7596818810511756,0.6257476502420962,307.42426085472107,50000.0,42.0,,,,,,,,
adam,shuttle,PW-AE,0.03200000000000001,0.9599838234937518,0.9796770491092652,0.9587795217837758,0.9885057471264368,0.930788949017374,298.56204771995544,50000.0,42.0,,,,,,,,
adam,shuttle,PW-AE,0.06399999999999999,0.291585749120803,0.5077140214401972,0.4205111184865583,0.5037773359840955,0.36086585018513245,329.3257381916046,50000.0,42.0,,,,,,,,
adam,shuttle,PW-AE,0.128,0.09934300799710696,0.17415625750574287,0.13560833737275813,0.07275715712383489,0.9960125320421532,286.3387966156006,50000.0,42.0,,,,,,,,
adam,shuttle,PW-AE,0.256,0.7533147525282263,0.9519126624281643,0.7507231133315804,0.6971916971916972,0.8131586442608943,296.5644338130951,50000.0,42.0,,,,,,,,
hd-sgd,covertype,AE,0.001,0.5865776383967121,0.9833158597872523,0.5876887340301974,0.7931034482758621,0.466789667896679,182.61533856391907,50000.0,42.0,,,,,,,,
hd-sgd,covertype,AE,0.0020000000000000005,0.6572396298619835,0.9864327837746409,0.6303664921465969,0.7288135593220338,0.5553505535055351,176.69829678535461,50000.0,42.0,,,,,,,,
hd-sgd,covertype,AE,0.004000000000000001,0.730768447133659,0.9899226806777348,0.6937561942517344,0.7494646680942184,0.6457564575645757,170.78451776504517,50000.0,42.0,,,,,,,,
hd-sgd,covertype,AE,0.008000000000000004,0.7866962197765851,0.9921652558755358,0.725883476599809,0.7524752475247525,0.7011070110701108,152.64553833007812,50000.0,42.0,,,,,,,,
hd-sgd,covertype,AE,0.016,0.7898482197194212,0.9937786491173174,0.7361853832442067,0.7120689655172414,0.7619926199261993,183.2059440612793,50000.0,42.0,,,,,,,,
hd-sgd,covertype,AE,0.03200000000000001,0.7455228973646573,0.9944078683780894,0.6804478897502154,0.6381260096930533,0.7287822878228782,186.25383639335632,50000.0,42.0,,,,,,,,
hd-sgd,covertype,AE,0.06399999999999999,0.6842108027498108,0.9899351404650767,0.6466729147141519,0.6571428571428571,0.6365313653136532,164.8355438709259,50000.0,42.0,,,,,,,,
hd-sgd,covertype,AE,0.128,0.6339726996877316,0.9822959105485753,0.6205450733752621,0.7184466019417476,0.5461254612546126,154.73656105995178,50000.0,42.0,,,,,,,,
hd-sgd,covertype,AE,0.256,0.5615238948163943,0.9659926518590674,0.5906735751295336,0.6737588652482269,0.525830258302583,161.24532985687256,50000.0,42.0,,,,,,,,
hd-sgd,covertype,DAE,0.001,0.6008710159374742,0.9850277748804421,0.5928571428571427,0.8355704697986577,0.45940959409594095,228.61751222610474,50000.0,42.0,,,,,,,,
hd-sgd,covertype,DAE,0.0020000000000000005,0.6756291271772724,0.9884169862564814,0.6399082568807339,0.8454545454545455,0.514760147601476,227.42888593673706,50000.0,42.0,,,,,,,,
hd-sgd,covertype,DAE,0.004000000000000001,0.7641951426258506,0.9923268227587043,0.7181069958847737,0.8116279069767441,0.6439114391143912,250.92948389053345,50000.0,42.0,,,,,,,,
hd-sgd,covertype,DAE,0.008000000000000004,0.8346709846405769,0.9950489878549156,0.7830188679245284,0.8011583011583011,0.7656826568265682,266.45023107528687,50000.0,42.0,,,,,,,,
hd-sgd,covertype,DAE,0.016,0.8701856360206687,0.9972956292707413,0.8151571164510165,0.8166666666666667,0.8136531365313653,225.19184064865112,50000.0,42.0,,,,,,,,
hd-sgd,covertype,DAE,0.03200000000000001,0.8678729382394136,0.99806522631525,0.8142981691368788,0.771900826446281,0.8616236162361623,241.06315541267395,50000.0,42.0,,,,,,,,
hd-sgd,covertype,DAE,0.06399999999999999,0.8342212188741218,0.99769706571262,0.7836879432624113,0.7542662116040956,0.8154981549815498,233.55210161209106,50000.0,42.0,,,,,,,,
hd-sgd,covertype,DAE,0.128,0.8130325177940148,0.9971707702640534,0.7622439893143367,0.7366609294320138,0.7896678966789668,278.6329734325409,50000.0,42.0,,,,,,,,
hd-sgd,covertype,DAE,0.256,0.8157264670417366,0.9973763194504442,0.7642857142857142,0.740484429065744,0.7896678966789668,278.6347417831421,50000.0,42.0,,,,,,,,
hd-sgd,covertype,PW-AE,0.001,0.566840251471352,0.9827604666317197,0.5394581861012956,0.745928338762215,0.4225092250922509,257.62555718421936,50000.0,42.0,,,,,,,,
hd-sgd,covertype,PW-AE,0.0020000000000000005,0.5604466748984589,0.9804819669572409,0.5550561797752809,0.7097701149425287,0.45571955719557194,246.21976780891418,50000.0,42.0,,,,,,,,
hd-sgd,covertype,PW-AE,0.004000000000000001,0.6200945305222703,0.9824273351917069,0.608793686583991,0.782608695652174,0.4981549815498155,244.6511287689209,50000.0,42.0,,,,,,,,
hd-sgd,covertype,PW-AE,0.008000000000000004,0.6869851435004317,0.9868323549788937,0.6535044422507404,0.70276008492569,0.6107011070110702,230.28536128997803,50000.0,42.0,,,,,,,,
hd-sgd,covertype,PW-AE,0.016,0.724994847932028,0.9891424517787578,0.6630532971996387,0.6495575221238938,0.6771217712177122,298.9718735218048,50000.0,42.0,,,,,,,,
hd-sgd,covertype,PW-AE,0.03200000000000001,0.7313561534748245,0.9906794821921286,0.6878306878306878,0.8064516129032258,0.5996309963099631,278.46849179267883,50000.0,42.0,,,,,,,,
hd-sgd,covertype,PW-AE,0.06399999999999999,0.6735025793499975,0.9901748981095293,0.6285714285714286,0.7369727047146402,0.5479704797047971,244.2594919204712,50000.0,42.0,,,,,,,,
hd-sgd,covertype,PW-AE,0.128,0.767596820139471,0.9955249218875788,0.7044025157232704,0.6865148861646234,0.7232472324723247,256.95144414901733,50000.0,42.0,,,,,,,,
hd-sgd,covertype,PW-AE,0.256,0.7760212308865043,0.996044689004454,0.7386262265834076,0.7150259067357513,0.7638376383763837,244.16281580924988,50000.0,42.0,,,,,,,,
hd-sgd,creditcard,AE,0.001,0.4066222703134125,0.8768705367888951,0.5496688741721855,0.538961038961039,0.5608108108108109,162.01285910606384,50000.0,42.0,,,,,,,,
hd-sgd,creditcard,AE,0.0020000000000000005,0.3799894475943931,0.9242042933569853,0.5372168284789645,0.515527950310559,0.5608108108108109,165.30364322662354,50000.0,42.0,,,,,,,,
hd-sgd,creditcard,AE,0.004000000000000001,0.3421252323314564,0.9540899169650273,0.5,0.5069444444444444,0.49324324324324326,166.62489914894104,50000.0,42.0,,,,,,,,
hd-sgd,creditcard,AE,0.008000000000000004,0.34933275689519705,0.9666413936603698,0.5033557046979866,0.5,0.5067567567567568,168.37309575080872,50000.0,42.0,,,,,,,,
hd-sgd,creditcard,AE,0.016,0.37522798585566636,0.9690933812734341,0.5066666666666666,0.5,0.5135135135135135,157.68028330802917,50000.0,42.0,,,,,,,,
hd-sgd,creditcard,AE,0.03200000000000001,0.3909477172829023,0.9694684102782073,0.5065789473684211,0.4935897435897436,0.5202702702702703,152.5712594985962,50000.0,42.0,,,,,,,,
hd-sgd,creditcard,AE,0.06399999999999999,0.378261461662783,0.9694803374746005,0.4868913857677903,0.5462184873949579,0.4391891891891892,162.67776441574097,50000.0,42.0,,,,,,,,
hd-sgd,creditcard,AE,0.128,0.3336426168200042,0.9695357718305643,0.4659498207885305,0.4961832061068702,0.4391891891891892,188.2770574092865,50000.0,42.0,,,,,,,,
hd-sgd,creditcard,AE,0.256,0.2685849619333823,0.9684163773417965,0.43086816720257237,0.4110429447852761,0.4527027027027027,191.52068567276,50000.0,42.0,,,,,,,,
hd-sgd,creditcard,DAE,0.001,0.42434628465722013,0.8855075889497778,0.5631067961165047,0.5403726708074534,0.5878378378378378,234.58692955970764,50000.0,42.0,,,,,,,,
hd-sgd,creditcard,DAE,0.0020000000000000005,0.41498908006811086,0.9355485480264826,0.558303886925795,0.5851851851851851,0.5337837837837838,246.92079091072083,50000.0,42.0,,,,,,,,
hd-sgd,creditcard,DAE,0.004000000000000001,0.3968934602801395,0.9620742261960268,0.5447761194029851,0.6083333333333333,0.49324324324324326,283.05909729003906,50000.0,42.0,,,,,,,,
hd-sgd,creditcard,DAE,0.008000000000000004,0.4023537150720592,0.9711550242772662,0.5415162454873647,0.5813953488372093,0.5067567567567568,265.6140458583832,50000.0,42.0,,,,,,,,
hd-sgd,creditcard,DAE,0.016,0.4211756604086903,0.9717751029533908,0.5266666666666666,0.5197368421052632,0.5337837837837838,233.91883826255798,50000.0,42.0,,,,,,,,
hd-sgd,creditcard,DAE,0.03200000000000001,0.4409549555016037,0.9708390891091685,0.5378151260504201,0.7111111111111111,0.43243243243243246,233.34351444244385,50000.0,42.0,,,,,,,,
hd-sgd,creditcard,DAE,0.06399999999999999,0.44811779823220993,0.9707173774914286,0.5573770491803279,0.7083333333333334,0.4594594594594595,236.34692907333374,50000.0,42.0,,,,,,,,
hd-sgd,creditcard,DAE,0.128,0.45109864667764166,0.9716882241705719,0.5514403292181069,0.7052631578947368,0.4527027027027027,234.06071996688843,50000.0,42.0,,,,,,,,
hd-sgd,creditcard,DAE,0.256,0.44868861915855734,0.9742776456148036,0.5439999999999999,0.6666666666666666,0.4594594594594595,230.73580265045166,50000.0,42.0,,,,,,,,
hd-sgd,creditcard,PW-AE,0.001,0.36129560508349046,0.8254004827261667,0.5306122448979591,0.5342465753424658,0.527027027027027,250.64762592315674,50000.0,42.0,,,,,,,,
hd-sgd,creditcard,PW-AE,0.0020000000000000005,0.4194297926616453,0.8794575185793191,0.5540540540540541,0.5540540540540541,0.5540540540540541,271.2911584377289,50000.0,42.0,,,,,,,,
hd-sgd,creditcard,PW-AE,0.004000000000000001,0.4150882821070339,0.9314886930178192,0.5622775800711743,0.5939849624060151,0.5337837837837838,244.17478275299072,50000.0,42.0,,,,,,,,
hd-sgd,creditcard,PW-AE,0.008000000000000004,0.400001170891817,0.9603652487037306,0.5572519083969466,0.6403508771929824,0.49324324324324326,254.6841847896576,50000.0,42.0,,,,,,,,
hd-sgd,creditcard,PW-AE,0.016,0.40266063313871003,0.9704190620452756,0.5409252669039146,0.5714285714285714,0.5135135135135135,238.51481342315674,50000.0,42.0,,,,,,,,
hd-sgd,creditcard,PW-AE,0.03200000000000001,0.4254491673169969,0.9718280976555469,0.5284280936454849,0.5231788079470199,0.5337837837837838,302.86440205574036,50000.0,42.0,,,,,,,,
hd-sgd,creditcard,PW-AE,0.06399999999999999,0.4510531732589497,0.9715518746299857,0.5394190871369294,0.6989247311827957,0.4391891891891892,248.9797604084015,50000.0,42.0,,,,,,,,
hd-sgd,creditcard,PW-AE,0.128,0.46645409881448446,0.971777678143521,0.5666666666666667,0.7391304347826086,0.4594594594594595,250.67718744277954,50000.0,42.0,,,,,,,,
hd-sgd,creditcard,PW-AE,0.256,0.47664915635379085,0.9723481505255558,0.5537190082644627,0.7127659574468085,0.4527027027027027,275.40053248405457,50000.0,42.0,,,,,,,,
hd-sgd,shuttle,AE,0.001,0.4247454192248642,0.8830368952936839,0.4514624841034336,0.3594936708860759,0.606664767872401,138.91290664672852,50000.0,42.0,,,,,,,,
hd-sgd,shuttle,AE,0.0020000000000000005,0.7499234365841748,0.9488883225189824,0.6500410172272355,0.766640866873065,0.5642267160353176,138.9120695590973,50000.0,42.0,,,,,,,,
hd-sgd,shuttle,AE,0.004000000000000001,0.8739073423756851,0.9686910001987723,0.8091745982212514,0.8947550034506556,0.7385360296211906,137.4388792514801,50000.0,42.0,,,,,,,,
hd-sgd,shuttle,AE,0.008000000000000004,0.9226363550912475,0.9762353585024248,0.8860914952410194,0.961038961038961,0.8219880375961265,142.61419534683228,50000.0,42.0,,,,,,,,
hd-sgd,shuttle,AE,0.016,0.9442014012413977,0.9797982281382941,0.9271303824149353,0.9833918875758544,0.8769581315864426,137.83548593521118,50000.0,42.0,,,,,,,,
hd-sgd,shuttle,AE,0.03200000000000001,0.9438897174553604,0.9810842503462897,0.9341600236197225,0.9696598222494637,0.9011677584733694,137.81514978408813,50000.0,42.0,,,,,,,,
hd-sgd,shuttle,AE,0.06399999999999999,0.8288144666852721,0.9692369962280989,0.7632689987937273,0.8109580262736302,0.7208772429507263,141.33052492141724,50000.0,42.0,,,,,,,,
hd-sgd,shuttle,AE,0.128,0.6448835112139926,0.9460178134359782,0.5693670886075949,0.5124174071542492,0.6405582455140986,132.68088388442993,50000.0,42.0,,,,,,,,
hd-sgd,shuttle,AE,0.256,0.567511226357287,0.9395110962565357,0.5486018641810919,0.42834293026231607,0.7627456565081173,161.94844341278076,50000.0,42.0,,,,,,,,
hd-sgd,shuttle,DAE,0.001,0.4523088487462097,0.8959802401270395,0.4889881902330035,0.39028532608695654,0.6545143833665622,248.6068959236145,50000.0,42.0,,,,,,,,
hd-sgd,shuttle,DAE,0.0020000000000000005,0.7903231824330019,0.9577820510159527,0.6838354389374797,0.7927149831017649,0.6012532042153232,242.96931147575378,50000.0,42.0,,,,,,,,
hd-sgd,shuttle,DAE,0.004000000000000001,0.897933737004711,0.9725210572539454,0.8439705190528461,0.9389392882065597,0.766448305326118,226.5922930240631,50000.0,42.0,,,,,,,,
hd-sgd,shuttle,DAE,0.008000000000000004,0.9318993317708241,0.9778814814239079,0.8993184634448574,0.9857385398981324,0.8268299629735119,228.03565859794617,50000.0,42.0,,,,,,,,
hd-sgd,shuttle,DAE,0.016,0.9440653805639804,0.9807665607309745,0.9286998202516477,0.9794628751974723,0.8829393335232127,212.21837091445923,50000.0,42.0,,,,,,,,
hd-sgd,shuttle,DAE,0.03200000000000001,0.9409114473315426,0.9831174776298014,0.9277834975731726,0.9592457420924574,0.8983195670749075,238.49863862991333,50000.0,42.0,,,,,,,,
hd-sgd,shuttle,DAE,0.06399999999999999,0.8648446583238458,0.978242975430691,0.7819933754893105,0.8294474608751198,0.7396753061805753,227.4856984615326,50000.0,42.0,,,,,,,,
hd-sgd,shuttle,DAE,0.128,0.699650203543257,0.9618829505423491,0.6241555783009213,0.48713852053043616,0.8684135573910566,239.47687482833862,50000.0,42.0,,,,,,,,
hd-sgd,shuttle,DAE,0.256,0.5623414245459731,0.9471991449602715,0.5795335554497858,0.4352301973119817,0.8669894616918257,234.24214148521423,50000.0,42.0,,,,,,,,
hd-sgd,shuttle,PW-AE,0.001,0.11485979660308304,0.6747389415092101,0.19115608130033337,0.10662103461892852,0.9228140131016804,246.19244360923767,50000.0,42.0,,,,,,,,
hd-sgd,shuttle,PW-AE,0.0020000000000000005,0.3988569747234942,0.8855911955259965,0.4515935057125676,0.34838410391216945,0.6416975220734833,264.84907507896423,50000.0,42.0,,,,,,,,
hd-sgd,shuttle,PW-AE,0.004000000000000001,0.7880087332055419,0.9590752646166996,0.6775910364145658,0.6665748139983466,0.6889774992879522,292.5795111656189,50000.0,42.0,,,,,,,,
hd-sgd,shuttle,PW-AE,0.008000000000000004,0.909381813244931,0.9754265423722422,0.8622641509433961,0.9624429624429625,0.780974081458274,260.294308423996,50000.0,42.0,,,,,,,,
hd-sgd,shuttle,PW-AE,0.016,0.9456174432085565,0.9811597381023469,0.9187311178247733,0.9781280154390479,0.8661350042722871,265.28171610832214,50000.0,42.0,,,,,,,,
hd-sgd,shuttle,PW-AE,0.03200000000000001,0.9558463832492697,0.9836055114084292,0.9445100354191264,0.9800918836140888,0.9114212475078325,240.60922360420227,50000.0,42.0,,,,,,,,
hd-sgd,shuttle,PW-AE,0.06399999999999999,0.9585323739173378,0.9850530931592263,0.9556794834164954,0.9857705116560702,0.9273711193392196,244.43933510780334,50000.0,42.0,,,,,,,,
hd-sgd,shuttle,PW-AE,0.128,0.9598229367726522,0.9858960668429896,0.9607498535442297,0.9888453421766656,0.9342067786955284,247.13273525238037,50000.0,42.0,,,,,,,,
hd-sgd,shuttle,PW-AE,0.256,0.960514571100037,0.9861257665502969,0.9622586307782328,0.989172932330827,0.9367701509541441,247.31392908096313,50000.0,42.0,,,,,,,,
sgd,covertype,AE,0.001,0.5861821536074823,0.9833731598871248,0.5857642940490082,0.7968253968253968,0.46309963099630996,119.21321392059326,50000.0,42.0,,,,,,,,
sgd,covertype,AE,0.0020000000000000005,0.6564274196849229,0.9864023804013365,0.629086809470124,0.808695652173913,0.514760147601476,192.306401014328,50000.0,42.0,,,,,,,,
sgd,covertype,AE,0.004000000000000001,0.7306807890338632,0.9899173460981243,0.6930693069306931,0.7478632478632479,0.6457564575645757,128.27033638954163,50000.0,42.0,,,,,,,,
sgd,covertype,AE,0.008000000000000004,0.7866949057583188,0.9921642113424654,0.725883476599809,0.7524752475247525,0.7011070110701108,191.83352947235107,50000.0,42.0,,,,,,,,
sgd,covertype,AE,0.016,0.7898822526016933,0.993778126850782,0.7361853832442067,0.7120689655172414,0.7619926199261993,164.55119132995605,50000.0,42.0,,,,,,,,
sgd,covertype,AE,0.03200000000000001,0.7455258541753188,0.9944079429875944,0.6804478897502154,0.6381260096930533,0.7287822878228782,149.78769946098328,50000.0,42.0,,,,,,,,
sgd,covertype,AE,0.06399999999999999,0.6842108027498108,0.9899351404650767,0.6466729147141519,0.6571428571428571,0.6365313653136532,151.87023520469666,50000.0,42.0,,,,,,,,
sgd,covertype,AE,0.128,0.6339726996877316,0.9822959105485753,0.6205450733752621,0.7184466019417476,0.5461254612546126,125.76764631271362,50000.0,42.0,,,,,,,,
sgd,covertype,AE,0.256,0.5615238948163943,0.9659926518590674,0.5906735751295336,0.6737588652482269,0.525830258302583,124.839435338974,50000.0,42.0,,,,,,,,
sgd,covertype,DAE,0.001,0.6005018662416653,0.9850587751297869,0.5907473309608541,0.8272425249169435,0.45940959409594095,214.17577052116394,50000.0,42.0,,,,,,,,
sgd,covertype,DAE,0.0020000000000000005,0.6746615863285814,0.9883779654853445,0.6395348837209303,0.8647798742138365,0.507380073800738,243.7068374156952,50000.0,42.0,,,,,,,,
sgd,covertype,DAE,0.004000000000000001,0.7639440299963179,0.992312908086014,0.7181069958847737,0.8116279069767441,0.6439114391143912,200.35526847839355,50000.0,42.0,,,,,,,,
sgd,covertype,DAE,0.008000000000000004,0.8345683472243073,0.9950443247608504,0.7830188679245284,0.8011583011583011,0.7656826568265682,212.76549458503723,50000.0,42.0,,,,,,,,
sgd,covertype,DAE,0.016,0.8701946171800163,0.9972955919659888,0.8151571164510165,0.8166666666666667,0.8136531365313653,196.8028793334961,50000.0,42.0,,,,,,,,
sgd,covertype,DAE,0.03200000000000001,0.8678729430156885,0.99806522631525,0.8142981691368788,0.771900826446281,0.8616236162361623,197.0288417339325,50000.0,42.0,,,,,,,,
sgd,covertype,DAE,0.06399999999999999,0.8342212188741218,0.99769706571262,0.7836879432624113,0.7542662116040956,0.8154981549815498,233.8667974472046,50000.0,42.0,,,,,,,,
sgd,covertype,DAE,0.128,0.8130325177940148,0.9971707702640534,0.7622439893143367,0.7366609294320138,0.7896678966789668,220.14616775512695,50000.0,42.0,,,,,,,,
sgd,covertype,DAE,0.256,0.8157264670417366,0.9973763194504442,0.7642857142857142,0.740484429065744,0.7896678966789668,200.24348330497742,50000.0,42.0,,,,,,,,
sgd,covertype,PW-AE,0.001,0.5679125505239412,0.9828095223812846,0.5407319952774499,0.7508196721311475,0.4225092250922509,320.60787534713745,50000.0,42.0,,,,,,,,
sgd,covertype,PW-AE,0.0020000000000000005,0.5605558383058651,0.9805048347705363,0.5556805399325084,0.7118155619596542,0.45571955719557194,215.34187841415405,50000.0,42.0,,,,,,,,
sgd,covertype,PW-AE,0.004000000000000001,0.620032396945809,0.9824271486679442,0.608793686583991,0.782608695652174,0.4981549815498155,256.8007433414459,50000.0,42.0,,,,,,,,
sgd,covertype,PW-AE,0.008000000000000004,0.6869555260552175,0.9868317954076059,0.6535044422507404,0.70276008492569,0.6107011070110702,215.4427695274353,50000.0,42.0,,,,,,,,
sgd,covertype,PW-AE,0.016,0.7249948083463159,0.9891424144740053,0.6630532971996387,0.6495575221238938,0.6771217712177122,253.97634148597717,50000.0,42.0,,,,,,,,
sgd,covertype,PW-AE,0.03200000000000001,0.7313561534748245,0.9906794821921286,0.6878306878306878,0.8064516129032258,0.5996309963099631,218.99777364730835,50000.0,42.0,,,,,,,,
sgd,covertype,PW-AE,0.06399999999999999,0.6735025793499975,0.9901748981095293,0.6285714285714286,0.7369727047146402,0.5479704797047971,212.47112703323364,50000.0,42.0,,,,,,,,
sgd,covertype,PW-AE,0.128,0.767596820139471,0.9955249218875788,0.7044025157232704,0.6865148861646234,0.7232472324723247,231.1165862083435,50000.0,42.0,,,,,,,,
sgd,covertype,PW-AE,0.256,0.7760212308865043,0.996044689004454,0.7386262265834076,0.7150259067357513,0.7638376383763837,258.71133184432983,50000.0,42.0,,,,,,,,
sgd,creditcard,AE,0.001,0.4068570400545024,0.8759014520819464,0.551948051948052,0.53125,0.5743243243243243,136.05688667297363,50000.0,42.0,,,,,,,,
sgd,creditcard,AE,0.0020000000000000005,0.380340796430508,0.9239905525761659,0.5372168284789645,0.515527950310559,0.5608108108108109,194.83516383171082,50000.0,42.0,,,,,,,,
sgd,creditcard,AE,0.004000000000000001,0.3421483180304248,0.95405630395701,0.5,0.5069444444444444,0.49324324324324326,133.2648310661316,50000.0,42.0,,,,,,,,
sgd,creditcard,AE,0.008000000000000004,0.34932164016505585,0.9666388184702395,0.5033557046979866,0.5,0.5067567567567568,167.27449893951416,50000.0,42.0,,,,,,,,
sgd,creditcard,AE,0.016,0.3752279784873055,0.9690932457371115,0.5066666666666666,0.5,0.5135135135135135,134.78462886810303,50000.0,42.0,,,,,,,,
sgd,creditcard,AE,0.03200000000000001,0.3909477172829023,0.9694684102782073,0.5065789473684211,0.4935897435897436,0.5202702702702703,147.37250328063965,50000.0,42.0,,,,,,,,
sgd,creditcard,AE,0.06399999999999999,0.378261461662783,0.9694803374746005,0.4868913857677903,0.5462184873949579,0.4391891891891892,167.98525834083557,50000.0,42.0,,,,,,,,
sgd,creditcard,AE,0.128,0.3336426168200042,0.9695357718305643,0.4659498207885305,0.4961832061068702,0.4391891891891892,161.81146240234375,50000.0,42.0,,,,,,,,
sgd,creditcard,AE,0.256,0.2685849619333823,0.9684163773417965,0.43086816720257237,0.4110429447852761,0.4527027027027027,132.50122594833374,50000.0,42.0,,,,,,,,
sgd,creditcard,DAE,0.001,0.42435192742480465,0.8844661278465338,0.5602605863192182,0.5408805031446541,0.581081081081081,199.7072913646698,50000.0,42.0,,,,,,,,
sgd,creditcard,DAE,0.0020000000000000005,0.41554597378359837,0.9353238288035286,0.558303886925795,0.5851851851851851,0.5337837837837838,200.47176909446716,50000.0,42.0,,,,,,,,
sgd,creditcard,DAE,0.004000000000000001,0.3969342278115069,0.9620464412498835,0.5447761194029851,0.6083333333333333,0.49324324324324326,195.84913563728333,50000.0,42.0,,,,,,,,
sgd,creditcard,DAE,0.008000000000000004,0.40235099051600826,0.9711528556961037,0.5415162454873647,0.5813953488372093,0.5067567567567568,193.7938277721405,50000.0,42.0,,,,,,,,
sgd,creditcard,DAE,0.016,0.4211756604086903,0.9717751029533908,0.5266666666666666,0.5197368421052632,0.5337837837837838,194.30718183517456,50000.0,42.0,,,,,,,,
sgd,creditcard,DAE,0.03200000000000001,0.4409549555016037,0.9708390891091685,0.5378151260504201,0.7111111111111111,0.43243243243243246,190.63663268089294,50000.0,42.0,,,,,,,,
sgd,creditcard,DAE,0.06399999999999999,0.44811779823220993,0.9707173774914286,0.5573770491803279,0.7083333333333334,0.4594594594594595,197.0467975139618,50000.0,42.0,,,,,,,,
sgd,creditcard,DAE,0.128,0.45109864667764166,0.9716882241705719,0.5514403292181069,0.7052631578947368,0.4527027027027027,196.38560390472412,50000.0,42.0,,,,,,,,
sgd,creditcard,DAE,0.256,0.44868861915855734,0.9742776456148036,0.5439999999999999,0.6666666666666666,0.4594594594594595,186.62668108940125,50000.0,42.0,,,,,,,,
sgd,creditcard,PW-AE,0.001,0.3611982427531555,0.8250464618514045,0.5302013422818791,0.5266666666666666,0.5337837837837838,235.7948968410492,50000.0,42.0,,,,,,,,
sgd,creditcard,PW-AE,0.0020000000000000005,0.41929933248591983,0.8793363491068699,0.5540540540540541,0.5540540540540541,0.5540540540540541,261.86675667762756,50000.0,42.0,,,,,,,,
sgd,creditcard,PW-AE,0.004000000000000001,0.4150887086175288,0.9314657873792914,0.5622775800711743,0.5939849624060151,0.5337837837837838,249.5451295375824,50000.0,42.0,,,,,,,,
sgd,creditcard,PW-AE,0.008000000000000004,0.4000009784204439,0.9603637578041815,0.5572519083969466,0.6403508771929824,0.49324324324324326,252.51908135414124,50000.0,42.0,,,,,,,,
sgd,creditcard,PW-AE,0.016,0.40266063313871003,0.9704190620452756,0.5409252669039146,0.5714285714285714,0.5135135135135135,220.40066170692444,50000.0,42.0,,,,,,,,
sgd,creditcard,PW-AE,0.03200000000000001,0.4254491673169969,0.9718280976555469,0.5284280936454849,0.5231788079470199,0.5337837837837838,227.30920696258545,50000.0,42.0,,,,,,,,
sgd,creditcard,PW-AE,0.06399999999999999,0.4510531732589497,0.9715518746299857,0.5394190871369294,0.6989247311827957,0.4391891891891892,224.79386949539185,50000.0,42.0,,,,,,,,
sgd,creditcard,PW-AE,0.128,0.46645409881448446,0.971777678143521,0.5666666666666667,0.7391304347826086,0.4594594594594595,222.89589738845825,50000.0,42.0,,,,,,,,
sgd,creditcard,PW-AE,0.256,0.47664915635379085,0.9723481505255558,0.5537190082644627,0.7127659574468085,0.4527027027027027,215.78105998039246,50000.0,42.0,,,,,,,,
sgd,shuttle,AE,0.001,0.41271700726133376,0.8799721061432575,0.4449512751399544,0.3497962510187449,0.6112218741099402,128.44458055496216,50000.0,42.0,,,,,,,,
sgd,shuttle,AE,0.0020000000000000005,0.7474842123308837,0.9485053855409371,0.6470491533782673,0.7651632970451011,0.560524067217317,121.96876335144043,50000.0,42.0,,,,,,,,
sgd,shuttle,AE,0.004000000000000001,0.8736340907668192,0.9686510320498322,0.808298237404461,0.893448275862069,0.7379663913414981,115.75008964538574,50000.0,42.0,,,,,,,,
sgd,shuttle,AE,0.008000000000000004,0.9226095664261489,0.9762308099933693,0.8860914952410194,0.961038961038961,0.8219880375961265,113.19259738922119,50000.0,42.0,,,,,,,,
sgd,shuttle,AE,0.016,0.9441988164415932,0.9797977407980383,0.9270347525199337,0.9824617346938775,0.877527769866135,115.48018145561218,50000.0,42.0,,,,,,,,
sgd,shuttle,AE,0.03200000000000001,0.9438915870999347,0.9810841941147215,0.9341600236197225,0.9696598222494637,0.9011677584733694,111.905264377594,50000.0,42.0,,,,,,,,
sgd,shuttle,AE,0.06399999999999999,0.8288143504930994,0.9692369587403868,0.7632689987937273,0.8109580262736302,0.7208772429507263,110.33401083946228,50000.0,42.0,,,,,,,,
sgd,shuttle,AE,0.128,0.6448835112139926,0.9460178134359782,0.5693670886075949,0.5124174071542492,0.6405582455140986,112.30093193054199,50000.0,42.0,,,,,,,,
sgd,shuttle,AE,0.256,0.567511226357287,0.9395110962565357,0.5486018641810919,0.42834293026231607,0.7627456565081173,110.77137756347656,50000.0,42.0,,,,,,,,
sgd,shuttle,DAE,0.001,0.4395443664558753,0.8926324874785107,0.4795809279452641,0.38387814478863597,0.6388493306750214,134.82596635818481,50000.0,42.0,,,,,,,,
sgd,shuttle,DAE,0.0020000000000000005,0.788039551705227,0.9574823242626358,0.6809269162210339,0.7898496240601504,0.5984050128168613,124.52205777168274,50000.0,42.0,,,,,,,,
sgd,shuttle,DAE,0.004000000000000001,0.897756710846005,0.9724941285808278,0.8435736677115987,0.9379574764726385,0.766448305326118,124.23633909225464,50000.0,42.0,,,,,,,,
sgd,shuttle,DAE,0.008000000000000004,0.9318819813544724,0.977877632685476,0.8993184634448574,0.9857385398981324,0.8268299629735119,123.93377423286438,50000.0,42.0,,,,,,,,
sgd,shuttle,DAE,0.016,0.944085764672142,0.9807660296550544,0.9286998202516477,0.9794628751974723,0.8829393335232127,125.18035793304443,50000.0,42.0,,,,,,,,
sgd,shuttle,DAE,0.03200000000000001,0.9409138554313291,0.9831173401748575,0.9277834975731726,0.9592457420924574,0.8983195670749075,120.16453242301941,50000.0,42.0,,,,,,,,
sgd,shuttle,DAE,0.06399999999999999,0.8648447382701949,0.9782429754306913,0.7819933754893105,0.8294474608751198,0.7396753061805753,118.54123735427856,50000.0,42.0,,,,,,,,
sgd,shuttle,DAE,0.128,0.699650203543257,0.9618829505423491,0.6241555783009213,0.48713852053043616,0.8684135573910566,120.70484900474548,50000.0,42.0,,,,,,,,
sgd,shuttle,DAE,0.256,0.5623414245459731,0.9471991449602715,0.5795335554497858,0.4352301973119817,0.8669894616918257,120.26377367973328,50000.0,42.0,,,,,,,,
sgd,shuttle,PW-AE,0.001,0.11397178451401058,0.6725065357639083,0.19039827016918448,0.10608231310237042,0.927940757618912,154.01645469665527,50000.0,42.0,,,,,,,,
sgd,shuttle,PW-AE,0.0020000000000000005,0.39729384364395137,0.8851014060728569,0.4506359781950333,0.3490226739640344,0.6357163201367132,151.4433994293213,50000.0,42.0,,,,,,,,
sgd,shuttle,PW-AE,0.004000000000000001,0.7876518543240477,0.959035896271151,0.6772116461366182,0.6658409028351225,0.6889774992879522,152.90258646011353,50000.0,42.0,,,,,,,,
sgd,shuttle,PW-AE,0.008000000000000004,0.9093584447010971,0.9754230372711704,0.8622641509433961,0.9624429624429625,0.780974081458274,150.13971662521362,50000.0,42.0,,,,,,,,
sgd,shuttle,PW-AE,0.016,0.9456151985974007,0.9811594132088428,0.9187311178247733,0.9781280154390479,0.8661350042722871,148.764235496521,50000.0,42.0,,,,,,,,
sgd,shuttle,PW-AE,0.03200000000000001,0.9558463252959026,0.9836055051604773,0.9445100354191264,0.9800918836140888,0.9114212475078325,148.36753225326538,50000.0,42.0,,,,,,,,
sgd,shuttle,PW-AE,0.06399999999999999,0.9585323730237006,0.9850530931592261,0.9556794834164954,0.9857705116560702,0.9273711193392196,145.266215801239,50000.0,42.0,,,,,,,,
sgd,shuttle,PW-AE,0.128,0.9598229367726522,0.9858960668429896,0.9607498535442297,0.9888453421766656,0.9342067786955284,147.06656789779663,50000.0,42.0,,,,,,,,
sgd,shuttle,PW-AE,0.256,0.960514571100037,0.9861257665502969,0.9622586307782328,0.989172932330827,0.9367701509541441,144.16000247001648,50000.0,42.0,,,,,,,,
